{"\uac00\uaca9": "pos", "\uac00\uae4c\uc774": "pos", "\uc218\uc2b5": "pos", "\uac00\ub2f9": "pos", "\uac00\ub974\uce68": "pos", "\ub9c8\uc74c": "neg", "\ub290\ub08c": "neg", "\uac00\uc7a5": "pos", "\uac00\uce58": "neg", "\uac01\ubcc4": "pos", "\uac04\uc9c1": "neg", "\uac10\uac01": "neg", "\uac10\ub2f9": "pos", "\uac10\ub3d9": "pos", "\uac10\ubaa8": "pos", "\uac10\uc815": "neg", "\uac15\uc138": "pos", "\uac1c\uc120": "pos", "\uac1c\uc131": "pos", "\uac20\uc18c": "pos", "\uac38\ub975": "pos", "\uac70\ub9ac": "neg", "\uac70\uc9d3": "neg", "\uac71\uc815": "neg", "\uac74\uac15": "neg", "\uae0d\uc815": "pos", "\uac80\uc18c": "pos", "\uac89\ubaa8\uc591": "pos", "\uaca9\ub824": "pos", "\uaca9\uc2dd": "neg", "\uacac\uc904": "pos", "\uc815\ub3c4": "neg", "\uacb0\uc810": "neg", "\uacbd\ud5d8": "neg", "\ub0a8\uc790": "pos", "\uc774\uc57c\uae30": "neg", "\uace0\uc694\ud568": "pos", "\uc9c0\uc74c": "pos", "\uace0\uce58": "neg", "\uace7\uc7a5": "pos", "\uacf5\ub355": "pos", "\uacf5\ub85c": "pos", "\uc5c5\uc801": "pos", "\uad00\uacc4": "neg", "\uad00\uad11": "pos", "\uad00\ub2a5": "pos", "\uad00\uc2ec": "neg", "\uac00\uc9d0": "pos", "\ud765\ubbf8": "neg", "\uad34\ub85c\uc6c0": "neg", "\uad50\uc591": "neg", "\uad50\uc721": "pos", "\uad50\ud1b5": "pos", "\ud5c8\ub77d": "neg", "\uad50\ud654": "pos", "\uad50\ud6c8": "pos", "\uad6c\uacbd": "pos", "\uad6c\ud568": "pos", "\uad6c\uae40\uc0b4": "pos", "\uad6c\uc6d0": "pos", "\uad6c\uc81c": "pos", "\uad70\uc18c\ub9ac": "neg", "\ub9f9\uc138": "pos", "\ud589\uc2e4": "neg", "\uad74\ubcf5": "pos", "\uad90\uae30": "pos", "\uadc0\uc5fc": "neg", "\uaddc\ubaa8": "pos", "\uadf8\ub9ac\uc6c0": "neg", "\uadf8\ub9ac\uc6c1\ub2e4": "pos", "\uadf8\uc73d": "pos", "\uadf9\ub77d": "pos", "\uadf9\ubcf5": "pos", "\uadfc\ubcf8": "pos", "\uae30\ub300": "neg", "\uae30\ub9ac": "pos", "\uae30\ubc18": "pos", "\uae30\ubd80": "pos", "\uae30\uc608": "pos", "\ud1b5\ub2ec": "pos", "\uae30\ud48d": "pos", "\uae34\uc7a5": "neg", "\ud574\uc18c": "pos", "\uae38\ubbf8": "pos", "\uc774\uce58": "neg", "\uae4a\uc774": "neg", "\uae4c\ub531": "pos", "\uc0ac\ub78c": "neg", "\uac70\ub098": "neg", "\uacbd\uc9c0": "pos", "\uae68\ub2ec": "pos", "\uc54c\ub2e4": "pos", "\uc0c1\ud0dc": "neg", "\uae68\ub2ec\uc74c": "neg", "\uc9c0\ud61c": "neg", "\uae68\uc54c\uac19\ub2e4": "pos", "\uafb8\ubc08": "pos", "\ud589\ub3d9": "neg", "\uafc0\uc7bc": "pos", "\ubaa8\uc591": "neg", "\ub048\uae30": "pos", "\ub09c\ub9ac": "pos", "\ub0a8\ub2ec\ub9ac": "pos", "\uc55e\uc11c\uc11c": "pos", "\ub300\uc811": "pos", "\uc774\ud574": "neg", "\ub0ab\ub2e4": "pos", "\ub0ad\ub9cc": "pos", "\ub0b4\uc0c9": "pos", "\ub0b4\uc6a9": "neg", "\uc775\uc0b4": "neg", "\uc724\ud0dd": "pos", "\ud478\uc9c0": "pos", "\ub10c\ub355": "pos", "\ub9d0\ub85c": "neg", "\ub110\ub9ac": "pos", "\uc804\ud558": "neg", "\ub118\uc0ac\ubcbd": "pos", "\ub178\ub825": "pos", "\ub17c\ub9ac": "neg", "\ub4f1\uae09": "neg", "\ub192\uc774": "pos", "\ub204\ub9ac": "pos", "\ub208\ub9e4": "pos", "\ub208\ube5b": "pos", "\ubc18\uc9dd": "pos", "\ub208\uc55e": "neg", "\ub208\uce58": "neg", "\ub2a5\ub825": "neg", "\ub2e4\ub3c5": "pos", "\ub2e4\uc2dc": "neg", "\ud574\uc9c0": "neg", "\ub2e4\ucc44\ub86d\ub2e4": "pos", "\ub2e4\ud589": "pos", "\ub2ec\ub2ec": "pos", "\ub2ec\ub798": "pos", "\ub2ec\uc131": "pos", "\uc815\ub2e4\uc6b4": "neg", "\ub2f4\ub825": "neg", "\ub300\uac00": "pos", "\uc2dc\uc6d0": "neg", "\ub300\uc0c1": "neg", "\ub300\uc5f4": "pos", "\ub9cc\ud558": "neg", "\ub354\ub7ec": "neg", "\ub354\uc5c6\uc774": "pos", "\ub354\uc6b1": "neg", "\ub098\uc704": "pos", "\ub355\ub9dd": "pos", "\ub3c4\ub355": "pos", "\uae30\uc900": "neg", "\ub3c4\ub9ac": "neg", "\ub3c4\uc6c0": "pos", "\ub3c5\ubcf4": "pos", "\ub3d9\uae30": "pos", "\ubd80\uc5ec": "pos", "\ub3d9\uae30\ubd80\uc5ec": "pos", "\ub3d9\uc758": "pos", "\uc5b4\ubcf4": "pos", "\ubcf4\ub78c": "neg", "\ud574\ud558": "pos", "\ub4ef\uc774": "neg", "\ub530\ub984": "pos", "\ub530\uc704": "neg", "\uc655\uc131": "pos", "\ub538\ubc14\ubcf4": "pos", "\ub610\ub837\ub610\ub837": "pos", "\ub610\ub837": "pos", "\ub610\ubc15\ub610\ubc15": "pos", "\ud2b8\ub9ac": "neg", "\ubc00\uace0": "pos", "\ub85c\ub9e8\ud2f0\uc2dc\uc998": "pos", "\ub9ac\uc988\uc2dc\uc808": "pos", "\ub9c8\uc74c\uc18d": "neg", "\ub9c8\uc74c\uc528": "pos", "\ud640\ub9ac": "pos", "\uc0dd\uae30": "neg", "\uc2e0\ub839": "pos", "\uc6c0\uc9c1": "neg", "\uc6c0\uc9c1\uc784": "pos", "\uc9c4\uc815": "pos", "\ub9c8\ucd08\ub9e8": "pos", "\ub9cc\ud07c": "neg", "\uc74c\uc2dd": "neg", "\ub9dd\uc0c1": "neg", "\uc7a1\ub150": "pos", "\ub9e4\ub825": "pos", "\ub9e4\ub8cc": "pos", "\ucde8\ud558": "neg", "\ub9e4\uc6b0": "neg", "\uba39\uc74c\uc0c8": "pos", "\uba85\ubcf5": "pos", "\uba85\uc608": "neg", "\ub86d\ub2e4": "neg", "\ubaa8\uc21c": "neg", "\ucd08\uc6d4": "pos", "\ubab8\uac00\uc9d0": "pos", "\ubcf4\uc2e0": "pos", "\uc870\ub9ac": "neg", "\ubab8\uc9f1": "pos", "\ubab9\uc2dc": "neg", "\ubb34\uac8c": "pos", "\ubb34\uad81\ubb34\uc9c4": "pos", "\ubb34\ub7c9": "pos", "\ubb34\ub8cc": "pos", "\ubb34\ub974": "neg", "\ubb34\uc5c7": "neg", "\uc735\ud1b5": "pos", "\ubb34\uc6a9": "pos", "\uc870\ud654": "pos", "\ubb34\ud3b8": "pos", "\ubb34\ub2f9": "pos", "\ubb38\uccb4": "pos", "\ubb3c\uc774": "neg", "\uc624\ub974\ub2e4": "neg", "\ubb3c\uc815": "pos", "\ubbc0\ud763\ud558": "pos", "\ubbf8\uc18c": "pos", "\uc758\uc9c0": "neg", "\ubbff\uc74c": "pos", "\ubc14\ub974\uac8c": "pos", "\uc815\uce58": "neg", "\uc724\uae30": "neg", "\ubc18\uc131": "pos", "\ubc1c\ub2ec": "pos", "\ubb38\uba85": "pos", "\ubc1c\ub77c": "pos", "\ubc1c\uc804": "pos", "\ubc84\ud504": "pos", "\uce58\ub8cc": "neg", "\ubcf4\uace0": "neg", "\ubcf4\uae30": "neg", "\ubcf4\ub2f5": "pos", "\uc0b4\uadf8\uba38\ub2c8": "pos", "\ubb34\ub978": "pos", "\uc5f0\ud55c": "pos", "\ud0c4\ub825": "pos", "\uc18c\ub4dd": "pos", "\ubcf4\ubc30": "pos", "\ubcf4\uc0b4": "pos", "\uc218\uace0": "pos", "\ubcf4\uc1a1\ubcf4\uc1a1": "pos", "\ubcf4\ucda9": "pos", "\ubcf4\ud0ec": "pos", "\ubcf4\ud1b5": "pos", "\uc774\uc0c1": "neg", "\uc218\uc900": "neg", "\ubcf4\ud638": "pos", "\ubcf5\ub9ac": "pos", "\ubd04\ub0a0": "pos", "\uacbd\uce58": "pos", "\ubd04\ucca0": "pos", "\ud0dc\ub3c4": "neg", "\uc11c\uc815": "pos", "\ubd80\uc790": "pos", "\ubd80\uc871\ud568": "neg", "\ubd80\ucc98": "pos", "\ubd84\ubc1c": "pos", "\ubd84\uc704\uae30": "neg", "\ubd84\ud480\uc774": "neg", "\uc6d0\ud1b5": "neg", "\ubd88\ub9cc": "neg", "\ubd88\ud3b8": "neg", "\ubd80\ub2f9": "pos", "\ubd99\uc784\uc131": "neg", "\ube44\uc7a5": "pos", "\ube44\uc911": "pos", "\ube48\ud2c8": "pos", "\ube59\uae0b": "pos", "\ubed1\ubed1": "pos", "\ubf40\ub85d": "pos", "\uc0ac\uac74": "pos", "\uc801\uadf9": "neg", "\uc0ac\uace0": "neg", "\uc0ac\uad50": "pos", "\ub2e4\uc6b4": "pos", "\uc0ac\ub791": "neg", "\ud45c\ud604": "neg", "\uc0ac\ub9ac": "neg", "\uc0ac\ubb3c": "neg", "\uc0ac\ubfd0": "pos", "\ub85c\uc6c0": "neg", "\uc0ac\uc2ec": "pos", "\uc0ac\ud68c": "neg", "\uc0b4\ube5b": "pos", "\uc0c1\uae0b": "pos", "\ubc29\uae0b": "pos", "\uc9c0\uc2dd": "pos", "\uc0c1\ub300": "neg", "\uc774\uae30": "neg", "\uc0c1\uc11c": "pos", "\uc0c1\uc2b9": "pos", "\uace1\uc120": "pos", "\uc0c1\uc2b9\uc138": "pos", "\ud6a8\uacfc": "pos", "\uc0c1\ud07c": "pos", "\uc720\uc9c0": "neg", "\uc0c1\ud558": "neg", "\uc0c1\ud5a5": "pos", "\uc0c9\uac10": "pos", "\uc0dd\uac01": "neg", "\uc0dd\uae00\uc0dd\uae00": "pos", "\uc0dd\uae40\uc0c8": "pos", "\uc0dd\ub3d9\uac10": "pos", "\uae30\uc6b4": "neg", "\uc0dd\ud65c": "neg", "\uc11c\ub85c": "neg", "\ud611\ub825": "pos", "\ud654\ub2f5": "pos", "\uc120\ub73b": "neg", "\uc120\uc120": "pos", "\uc120\uc5c5": "pos", "\uc120\uc804": "pos", "\uc120\uc9c4": "pos", "\uc131\uacfc": "neg", "\uc131\uad50": "pos", "\uc131\uc219": "pos", "\uc131\uc758": "neg", "\uc131\uc7a5": "pos", "\uc131\uc801": "neg", "\uc131\uc9c8": "neg", "\uc138\uacc4": "pos", "\ub3d9\uacbd": "pos", "\uc138\ub828": "pos", "\uc138\uc6b4": "pos", "\uc13c\uc170\uc774\uc154\ub110": "pos", "\uc18c\ub9dd": "pos", "\uc18c\uc9c8": "pos", "\uc18c\ud0c8": "pos", "\uc18d\uc8c4": "pos", "\uc190\ubcf4": "pos", "\uc218\uae0d": "pos", "\uc218\ub839": "pos", "\uae30\uc068": "pos", "\uc218\uc694": "pos", "\uc218\uc775": "pos", "\uc218\ud589": "pos", "\uc218\ud61c": "pos", "\uc218\ud61c\uc790": "pos", "\uc219\ub828": "pos", "\uc21c\uacb0": "pos", "\ubb34\uad6c": "pos", "\uc21c\uc11c": "pos", "\uc560\uc815": "pos", "\uc21c\uc218": "pos", "\uc21c\uc815": "pos", "\uc21c\uc885": "pos", "\uc21c\ud0c4": "neg", "\uc274\ub4dc": "pos", "\ud480\uc774": "neg", "\uc2a4\uc2a4\ub7fc": "pos", "\uc2a4\uc2a4\ub85c": "neg", "\ucc98\ub9ac": "neg", "\uae0d\uc9c0": "pos", "\uc2dc\uc120": "pos", "\uc2dd\uacac": "pos", "\uc548\ubaa9": "pos", "\uc2e0\ub8b0": "neg", "\ubc15\ud558": "neg", "\uc2e0\uc911": "pos", "\uc5b8\ud589": "neg", "\uc2e0\ucee8": "pos", "\uc2e4\ub825": "pos", "\uae30\ub984": "pos", "\uc2e4\uc18d": "neg", "\uc2e4\uc6a9": "pos", "\uc2e4\uc81c": "neg", "\uc2e4\ucc9c": "pos", "\uc4f0\uae30": "pos", "\uc4f8\ubaa8": "neg", "\uc544\ub0b4": "neg", "\uc544\ub7c9": "pos", "\uc694\uad6c": "neg", "\uc544\uc26c\uc6c0": "neg", "\uc544\uc8fc": "neg", "\uc548\uad6c": "neg", "\uc815\ud654": "pos", "\uc548\ub3c4": "pos", "\uc548\ub77d": "pos", "\uc548\uc2ec": "neg", "\uc548\uc815": "neg", "\uc548\ucc98": "pos", "\ub178\ub974": "pos", "\uc2a4\ub984": "pos", "\uc555\ub3c4": "neg", "\uc560\uad50": "pos", "\uc560\ucc29": "pos", "\uc560\ucc98": "neg", "\uc57d\uc18d": "pos", "\uc131\ub9bd": "neg", "\uc591\ub4dd": "pos", "\uc5b4\ub824\uc6c0": "neg", "\uc5b4\ub978": "pos", "\uc5b4\ud544": "pos", "\uc639\uace8": "neg", "\ucc28\uace0": "neg", "\uc740\ud61c": "neg", "\uc5bd\ub9e4": "neg", "\uc5c4\ud558": "pos", "\uc5d8\ub9ac\ud2b8": "pos", "\uc5ec\uae30": "neg", "\uc5ec\uc720": "neg", "\uc5ed\uc804": "pos", "\ud22c\ud558": "pos", "\uc5f0\uc560": "pos", "\uc5f4\uacf5": "pos", "\uc5f4\ub9e4": "pos", "\uc5f4\uc131": "pos", "\uc5f4\uc815": "pos", "\uc5f4\uc911": "pos", "\uc5fc\ubaa8": "pos", "\ubaa8\ud558": "pos", "\uc601\uac10": "pos", "\uc601\uc591\uac00": "pos", "\uc601\uc591\ubd84": "pos", "\uc601\uc591": "neg", "\uc601\uc608": "pos", "\uc608\ubc29": "pos", "\uc608\uc220": "pos", "\uc608\uc758": "neg", "\uc608\uc808": "neg", "\uc815\uc131": "pos", "\uc628\ub3c4": "pos", "\uc628\uc804": "pos", "\uc644\uc131": "neg", "\ub2e8\uacc4": "pos", "\uc694\uae34": "pos", "\uc694\ub839": "pos", "\uc694\uc5fc": "pos", "\uc695\uad6c": "pos", "\ucda9\uc871": "pos", "\uc6a9\uac10": "pos", "\uc6a9\uae30": "pos", "\uae30\uc0c1": "pos", "\uc6a9\ub0a9": "neg", "\uc6a9\uc11c": "pos", "\uc6a9\ud55c": "pos", "\uc6b0\ub300": "pos", "\uc6b0\ub801\ucc28": "pos", "\uc6b0\ud638": "pos", "\uc6c3\uc5b4\ub978": "pos", "\uc874\uacbd": "pos", "\uc6c3\uc74c": "neg", "\ubc14\ub2e4": "pos", "\uc6c5\uc7a5": "pos", "\uc6d0\uace0": "pos", "\uc6d0\uae30": "pos", "\uc6d0\ub3d9\ub825": "pos", "\uc6d0\ub9dd": "neg", "\uc704\uaf34": "pos", "\uc704\uc5c4": "pos", "\uc758\uae30": "neg", "\ub2ec\ub9ac": "pos", "\uc720\uc694": "pos", "\uc724\ub9ac": "pos", "\uc735\ud1b5\uc131": "pos", "\ud574\uacb0": "pos", "\uc74c\ubbf8": "pos", "\uc758\uae30\uc591\uc591": "pos", "\uc790\uafb8": "neg", "\uc758\uc695": "neg", "\uc815\uc5f4": "pos", "\ud654\uc74c": "pos", "\uc774\ub984": "pos", "\uc774\ubc14\uc9c0": "pos", "\uc774\ubca4\ud2b8": "pos", "\uc774\uc6a9": "neg", "\uc26c\uc6c0": "pos", "\ub418\ud480\uc774": "neg", "\uc19c\uc528": "neg", "\uc778\uac04": "pos", "\uc778\uaca9": "neg", "\uc778\uae30": "pos", "\uc778\ub355": "pos", "\uc778\uc0c1": "pos", "\uc778\uc2ec": "pos", "\uc778\uc5f0": "neg", "\uc778\uc7ac": "pos", "\uc778\uc815": "neg", "\uc778\uc815\uc774": "neg", "\ubd80\ubd84": "neg", "\uc790\uaca9": "neg", "\uc790\uae0d": "pos", "\uc790\uae0d\uc2ec": "pos", "\uc790\ub791": "pos", "\uc790\ubd80": "pos", "\uc790\ube44": "pos", "\ub85c\uc368": "pos", "\uc0b4\ud53c": "neg", "\uc790\uc2e0": "neg", "\uc790\uc2e0\uac10": "pos", "\uc7ac\ub2a5": "pos", "\uc790\uc5f0": "neg", "\uadf8\ub300\ub85c": "neg", "\ubcf4\uc774": "neg", "\uc790\uc8fc": "neg", "\uc0ac\uc6a9": "pos", "\uc790\uc9c8": "pos", "\uc791\ud488": "pos", "\uc2f8\uc6c0": "neg", "\uc798\ubabb": "neg", "\uc7a5\uc560\ubb3c": "neg", "\uc7a5\uc810": "pos", "\uc7a5\ud559\uae08": "pos", "\uc7ac\ubb3c": "neg", "\uc7ac\ubbf8": "neg", "\uc7ac\uc0b0": "neg", "\uc7ac\uc8fc": "neg", "\uc7ac\uce58": "pos", "\uc7ac\ud574": "neg", "\uc18c\uba78": "pos", "\uacac\ud574": "neg", "\uc804\ubb38\uac00": "pos", "\uc804\ubb38": "pos", "\uc804\uc131": "pos", "\uc808\uac1c": "pos", "\uc811\ub300": "pos", "\uc815\uacb0": "pos", "\uc815\ub2f5": "neg", "\uc815\ub3c8": "neg", "\uc815\ubc00": "neg", "\uc815\ubd84": "pos", "\uc815\uc0c1": "neg", "\uc815\uc131\uaecf": "pos", "\uc2a4\ub808": "neg", "\uc815\uc2e0": "neg", "\uc815\uc5f0": "pos", "\uc815\uc758": "pos", "\uc815\uc774": "neg", "\ubd80\ud0c1": "pos", "\uc81c\ub300\ub85c": "neg", "\uc81c\ub54c": "pos", "\uc870\uac74": "neg", "\uc870\uae08": "neg", "\ud6e4\ud558": "pos", "\uc870\uc2ec": "neg", "\uc870\uc9c1": "neg", "\uae30\uad6c": "pos", "\uc874\uc911": "pos", "\uac00\ubd09": "pos", "\uace0\ubc31": "pos", "\uc8c4\uc778": "neg", "\uc911\uc0dd": "pos", "\ubb3c\uac74": "neg", "\uc99d\uc0c1": "neg", "\uc9c0\uadf9": "pos", "\ud6a8\uc790": "pos", "\uc9c0\uc704": "neg", "\uc9c0\uc801": "neg", "\uc9c0\uc9c0": "neg", "\uacc4\ubc1c": "pos", "\ub85c\uc6b0": "pos", "\uc9c4\ub9ac": "pos", "\uc99d\ub4dd": "pos", "\uc9c4\uc2e4": "pos", "\uc758\uc758": "neg", "\uc9c4\ucde8": "pos", "\uc9d1\ucc29": "pos", "\uc9dd\ub0a8": "pos", "\ucc28\ub3c4\ub0a8": "pos", "\ucc28\ub3c4\ub140": "pos", "\ucc28\ubcc4": "pos", "\ucc29\ucc29": "pos", "\ucc2c\uc0ac": "pos", "\ucc38\uace0": "pos", "\ucc38\uc73c\ub85c": "pos", "\uc9c4\uc9dc": "pos", "\ucc38\ud68c": "pos", "\ucc3d\uc758": "pos", "\ucc3d\uc870": "pos", "\ucc45\uc784\uac10": "pos", "\ucc9c\uc0ac": "pos", "\uccad\uc815": "pos", "\ucd5c\uc0c1": "pos", "\ucd5c\uc800": "pos", "\ucd5c\uc801": "pos", "\ucd5c\uc801\ud654": "pos", "\ucd94\uc9c4": "pos", "\ucd94\ucc9c": "neg", "\ucd95\ubcf5": "pos", "\ucd95\ud558": "pos", "\ub9cc\uc871": "neg", "\ub9c8\ub828": "pos", "\ucda9\uc131": "pos", "\ucde8\uc874": "pos", "\ucde8\ud5a5": "pos", "\uc800\uaca9": "pos", "\uce21\uc740": "neg", "\uce5c\uad6c": "pos", "\uce6d\ubbf8\ud558": "pos", "\uce6d\ucc2c": "pos", "\ub9d0\ud568": "neg", "\uce90\ub9ac": "pos", "\ucea3\ub9d8": "pos", "\ucf00\ubbf8": "pos", "\ucf8c\uac10": "pos", "\ud074\ub77c\uc2a4": "pos", "\ucee4\uc11c": "neg", "\ud0c0\ub2f9": "pos", "\ud0c0\ub975": "pos", "\ud0c0\ud611": "pos", "\ud0d5\ud3c9": "pos", "\uc138\uc0c1": "neg", "\ud1b5\uacfc": "pos", "\ud2b8\ub80c\ub514": "pos", "\ub9c8\uc74c\uac00\uc9d0": "pos", "\uc9c0\ud0f1": "pos", "\ud2c0\ub9bc": "pos", "\ud310\ub2e8": "neg", "\uc138\uc6d4": "neg", "\ucc9c\uc131": "pos", "\ud3c9\ud654": "pos", "\uc8fc\uc7a5": "pos", "\ud3ec\uad04": "pos", "\ud3ed\ubc1c": "pos", "\ud45c\uc815": "neg", "\ud488\uaca9": "pos", "\ud488\uc704": "pos", "\ud488\uc808\ub0a8": "pos", "\ud488\uc808\ub140": "pos", "\ud48d\ubaa8": "pos", "\uc131\ud48d": "pos", "\ud48d\uc694": "pos", "\uc9c0\ub2e4": "neg", "\ud544\uc218": "pos", "\ubc14\ub78c": "neg", "\ud559\ubb38": "pos", "\ud559\uc2dd": "pos", "\ud55c\ub9c8\uc74c": "pos", "\ud55c\ucabd": "neg", "\ud55c\ucc3d": "pos", "\ud55c\ud3c9\uc0dd": "pos", "\ud560\uc778": "pos", "\ub299\uc74c": "pos", "\ud569\uaca9": "pos", "\ud569\ub9ac": "pos", "\uacbd\ud5a5": "pos", "\ud574\ud559": "pos", "\uc18c\uc124": "pos", "\ud587\ubcd5": "pos", "\ud587\ube5b": "pos", "\ud589\uc6b4": "pos", "\ud5a5\uae30": "pos", "\ud5a5\uc0c1": "pos", "\ud5c8\ubb3c": "neg", "\ud5e4\ud504": "neg", "\ud601\uc2e0": "pos", "\uc8fc\uc758\uc790": "pos", "\ud604\uc219": "pos", "\uc5ec\uc790": "neg", "\ud604\uc2e4": "neg", "\ud615\ubc8c": "neg", "\ud615\ud3b8": "neg", "\ud61c\ud0dd": "pos", "\ub355\ud0dd": "pos", "\ud638\uc758": "pos", "\ud638\uc758\ud638\uc2dd": "pos", "\ud63c\ub780": "neg", "\ud63c\uc778": "pos", "\ud654\ubbf8": "pos", "\ud654\ud569": "pos", "\ud655\ubcf4": "pos", "\ud655\uc2e0": "neg", "\uac00\uc9c0": "neg", "\ud655\uc9dd": "pos", "\ud658\uc0c1": "neg", "\ud65c\ub3d9": "neg", "\ud65c\uc9dd": "pos", "\ud68c\uac1c": "pos", "\ud68c\ubcf5": "pos", "\ud68d\uae30": "neg", "\ud6a8\uc728": "neg", "\ud734\uc2dd": "pos", "\ud750\ub9bf\ud568": "pos", "\ud750\ud2b8\ub7ec\uc9d0": "pos", "\ud750\ud2b8\ub7ec\uc9d1": "pos", "\ud760\uc9d1": "pos", "\ud765\ubd84": "neg", "\uc544\ud514": "neg", "\ud76c\ub9dd": "neg", "\ub9e4\ub9e4": "pos", "\ud788\ub4e0\uce74\ub4dc": "pos", "\ud788\uc8fd": "neg", "\ud574\uc8fd": "pos", "\ud788\ucb49": "pos", "\uc2e0\uba85": "pos", "\uc2e0\ubc14\ub78c": "pos", "\ucc9c\ub9cc\ub2e4\ud589": "pos", "\uac00\ub2a5\uc131": "pos", "\uac00\uc6b4\ub370": "pos", "\uac10\uac1c": "pos", "\uac10\uaca9": "pos", "\uc8fc\uac70": "neg", "\uace0\ub9c8\uc6c0": "pos", "\uac10\uba85": "pos", "\uac10\ubcf5": "pos", "\uac10\uc0ac": "pos", "\uac10\uce60\ub9db": "pos", "\uac10\ud0c4": "pos", "\uac10\ud68c": "pos", "\uac15\ucd94": "pos", "\ubc29\ub3c4": "pos", "\uac1c\uc774\ub4dd": "pos", "\uac70\ub4ed": "neg", "\ubaa8\uc2b5": "neg", "\uac70\ubccd": "neg", "\uac70\ubd80": "neg", "\uc815\ud788": "pos", "\uacb0\ud568": "neg", "\uacbd\uc0ac": "pos", "\uacbd\uc774": "pos", "\uacc4\uae09": "pos", "\uc624\ub984": "pos", "\uacc4\uc18d": "neg", "\uace0\uacb0": "pos", "\ud48d\ucc44": "pos", "\uace0\uae09": "pos", "\uae30\uc9c8": "neg", "\uc778\ud488": "pos", "\uace0\uc131\ub2a5": "pos", "\ube5b\uae54": "neg", "\ud488\uc9c8": "neg", "\uacf1\uc0b4": "pos", "\uacf1\uc0b4\uc2a4\ub808": "pos", "\uacf1\uc808": "pos", "\uacf5\uacbd": "pos", "\ubaa8\uc2dc": "neg", "\uacf5\uae30": "pos", "\uce6d\uc1a1": "pos", "\uc9c4\ucc30": "pos", "\uacf5\uc775": "pos", "\ubaa9\uc801": "neg", "\uacf5\uc801": "pos", "\uacfc\uac70": "pos", "\uae09\uc81c": "pos", "\uad11\uba85": "pos", "\uad50\ub9ac": "pos", "\uc990\uac70\uc6c0": "pos", "\uadc0\uc694\ubbf8": "pos", "\uc790\uc6d0": "pos", "\uadf8\ub9b0": "pos", "\ub77c\uc774\ud2b8": "pos", "\uadfc\uc2ec": "neg", "\uadfc\ud558": "pos", "\uac15\uc870": "pos", "\ubc94\uc704": "pos", "\uae30\ub465": "pos", "\uae30\ubbf8": "pos", "\uae30\ubd84": "neg", "\uae30\uc138": "neg", "\ud65c\uae30": "neg", "\uae30\ud488": "pos", "\uae30\uc5b5": "neg", "\ubaa8\ud568": "pos", "\ub2e8\uc544": "pos", "\uc0dd\ud608": "pos", "\ub098\ub77c": "pos", "\ub0a0\uc528": "pos", "\uad6c\uc131": "pos", "\uc791\uc704": "pos", "\ud3c9\uac00": "pos", "\ub2a5\ub780": "pos", "\ub2a5\ub960": "pos", "\uc218\ub2a5": "pos", "\ucd9c\ud558": "neg", "\ucc2c\ubbf8": "pos", "\ub355\uc774": "pos", "\ub355\ud589": "pos", "\ub3c5\ucc3d": "pos", "\ub428\ub428\uc774": "pos", "\ub4dd\ud15c": "pos", "\ub4e3\uae30": "neg", "\ub618\ub618\ud788": "pos", "\uba85\uc7a5": "pos", "\ubbf8\uc778": "pos", "\uc2ac\uae30": "pos", "\uc5ed\ub7c9": "pos", "\uc601\uc6c5": "pos", "\uc608\ub2a5": "pos", "\uc77c\uc774": "neg", "\ub9c8\uc2a4\ud130\ud53c\uc2a4": "pos", "\ucc38\ub418\uace0": "pos", "\ubc18\ub4ef\uc774": "pos", "\ub9d1\uc740": "pos", "\ub9db\uae54": "pos", "\ub9db\uc9d1": "pos", "\ud765\uc774": "neg", "\ub9f5\uc2dc": "pos", "\uba4b\uc7c1\uc774": "pos", "\uba85\ub7c9": "pos", "\uba85\ub9dd": "neg", "\uba85\uc131": "neg", "\ubaa8\ubc94": "pos", "\ubb38\uc81c": "neg", "\ubb38\ud559": "pos", "\ubb3c\uc9c8": "pos", "\uc774\ub4dd": "neg", "\ubbff\uc74c\uc131": "pos", "\uc77c\uacfc": "pos", "\ubc18\uae30": "neg", "\ubc29\uba74": "pos", "\ubc84\uc813": "pos", "\ubc88\ucc3d": "pos", "\uc9d1\uc548": "pos", "\ubc99\uae0b": "pos", "\ubd80\uadc0": "pos", "\ubd80\ub2f4": "neg", "\ubd80\uc9c0\ub7f0": "pos", "\uc0ac\ub791\ub465\uc774": "pos", "\ub791\uc2a4": "pos", "\uc0ac\ubaa8": "pos", "\uc0ac\uc2e4": "neg", "\uc0b4\ub9bc": "neg", "\uc811\uadfc": "pos", "\ubc29\uc2dd": "pos", "\uc120\ud589": "pos", "\uc120\ud638": "pos", "\uc131\uaca9": "neg", "\uc131\uacf5": "pos", "\uc131\ub300": "pos", "\ucde8\ud568": "pos", "\uc131\ud488": "neg", "\uc18c\ub2f4": "pos", "\uc18c\ub9ac": "neg", "\uc774\uc775": "neg", "\ud669\uae08": "pos", "\uc9c4\ud589": "neg", "\uc22d\uc0c1": "pos", "\uc2b9\ub099": "pos", "\uc2dc\uac01": "pos", "\uc6d0\uc2a4": "pos", "\uc2ec\ucff5": "pos", "\uc2f1\uae00\ubc99\uae00": "pos", "\uae00\uadc0": "pos", "\ubb38\uc7a5": "pos", "\uc218\uc2dd": "pos", "\uc5ec\uc778": "pos", "\uc6a9\ubaa8": "pos", "\uc790\ud0dc": "pos", "\uc774\ubbf8\uc9c0": "pos", "\uc7a5\uc2dd": "pos", "\uc7ac\ubaa9": "pos", "\ucd94\uad6c": "pos", "\uad00\uc0c1": "pos", "\ucc2c\uc591": "pos", "\uc544\ubb34": "neg", "\ud654\ubaa9": "pos", "\uc548\uc804": "pos", "\uc9c0\uc11d": "pos", "\uc9c0\ud558": "pos", "\uc5b4\uc5ec\ubfcc": "pos", "\ud638\ud654": "neg", "\uc5b4\uc9c4": "pos", "\uc120\ube44": "pos", "\uc5bc\uad74": "neg", "\uc5c4\uce5c\uc544": "pos", "\uc5ec\uc625": "pos", "\uae30\uc778": "pos", "\uc5f4\uad11": "pos", "\uc5fc\ub824": "neg", "\uc601\uad11": "pos", "\uc601\ud2b9": "pos", "\uc624\uc21c\ub3c4\uc21c": "pos", "\uc628\uac16": "neg", "\uae30\uc0c9": "neg", "\uc62c\ubc14\ub85c": "pos", "\ud488\uc131": "pos", "\uc644\uc18c": "pos", "\uc644\uc804\ubb34\uacb0": "pos", "\uc6a9\ub82c": "pos", "\uad74\ub2e4": "neg", "\uc6b0\ub7ec\ub7ec": "pos", "\uc6b0\uc218": "pos", "\uc6b0\uc6d4": "pos", "\ub300\ub85c": "neg", "\uc6f0\ube59": "pos", "\uc704\ud2b8": "pos", "\uad6c\uc11d": "pos", "\uc73c\uc4f1": "pos", "\uc740\ucd1d": "pos", "\ud589\ubcf5": "pos", "\uc758\ub86d\ub2e4": "pos", "\uc758\ud569": "pos", "\uc774\ub4ec\ud574": "pos", "\ud48d\ub144": "pos", "\uc800\ucabd": "pos", "\uc774\ud0c0": "pos", "\uc77c\ud488": "pos", "\uc785\uac00": "pos", "\uc785\ub2f4": "pos", "\uc790\uc560": "pos", "\uc791\uace0": "pos", "\ub300\uc6b0": "pos", "\uba39\uc74c": "pos", "\uc5b4\uc6b8\ub9bc": "pos", "\uc5ec\ubb3c": "neg", "\ub9ac\ub2e4": "neg", "\uac00\uac8c": "pos", "\uad6d\uba74": "pos", "\uc7ac\uc9c8": "pos", "\uc808\uce5c": "pos", "\uc815\uc870": "neg", "\uc81c\ubc95": "pos", "\uc81c\uc77c": "pos", "\uc790\uc138": "pos", "\uc870\ud654\ub85c\uc6c0": "pos", "\uc874\uadc0": "pos", "\uc874\ub300": "pos", "\uc874\uc608": "pos", "\uc874\uc798": "pos", "\uce58\uae30": "neg", "\uc8fc\uc120": "pos", "\uacb0\uacfc": "pos", "\uacfc\ubcf4": "pos", "\uae30\ud68c": "neg", "\ub0c4\uc0c8": "neg", "\ub300\ucc45": "neg", "\ub9d0\uae00": "pos", "\ubc18\uc751": "pos", "\ubcf5\uc7a5": "pos", "\uc11d\ud0c4": "pos", "\uc2dc\uc808": "pos", "\uc6b4\uc218": "neg", "\uc720\uc804": "pos", "\ud2b9\uc131": "pos", "\uc6b4\ub3d9": "neg", "\uc8fc\ubb34\ub974\uae30": "pos", "\ub300\ubaa9": "neg", "\ud3c9\ud654\ub85c\uc6c0": "pos", "\uc131\ud5a5": "pos", "\uc790\ub9ac": "neg", "\ub85c\ubd80\ud130": "pos", "\uc9c4\uad6d": "pos", "\ub178\ub798": "pos", "\ucc2c\uce6d\ud558": "pos", "\ucc2c\ud0c4": "pos", "\uc758\ubbf8": "pos", "\ucc38\ub2e4\uc6b4": "pos", "\uc99d\uac70": "pos", "\ucd5c\uace0": "pos", "\ucd5c\uace0\uae09": "pos", "\ucd5c\uc0c1\uae09": "pos", "\ucd9c\uc138": "pos", "\ucde8\uc9c1": "pos", "\uc0ac\uc774": "neg", "\uce5c\uc560": "pos", "\uce5c\uc560\ub86d\ub2e4": "pos", "\uce5c\uc808": "pos", "\uce6d\uc591": "pos", "\uce6d\uc608\ud558": "pos", "\ud06c\uac8c": "neg", "\ud0b9\uc655\uc9f1": "pos", "\ud0c4\ubcf5": "pos", "\ud1b5\ucf8c": "pos", "\ud2b9\uad8c": "pos", "\ud3b8\ub9ac": "pos", "\ud3b8\uc548": "pos", "\ud3c9\uc628": "pos", "\ubb34\uc0ac": "pos", "\ud488\ud589": "neg", "\uce58\uac00": "pos", "\ud558\ub4dc\uce90\ub9ac": "pos", "\ud65c\ub2ec": "pos", "\ud589\ubcf5\uac10": "pos", "\ucc98\uc9c0": "neg", "\ud5cc\uc2e0": "pos", "\ud638\uac10": "pos", "\ud638\uac15": "pos", "\ud654\uae30": "neg", "\uc560\uc560": "pos", "\ud658\uc131": "pos", "\ud658\uc601": "pos", "\ud669\uc1a1": "pos", "\ud669\ud640": "pos", "\ud669\ud640\uac10": "pos", "\ud6a8\ub3c4": "pos", "\uae30\uc220": "pos", "\uc778\ubb3c": "neg", "\uc800\uc11c": "pos", "\ud6e4\uce60": "pos", "\ud750\ub984": "pos", "\ud760\ubaa8": "pos", "\ud760\uc560": "pos", "\uc560\ud558": "pos", "\ud761\uc871": "pos", "\ud765\uac10": "pos", "\ud765\ucde8": "pos", "\ud765\ud589": "pos", "\ud76c\ub77d": "pos", "\ud76c\ud76c\ub099\ub77d": "pos", "\ud638\ud638": "pos", "\uc6d0\ub354\ud480": "pos", "\ucf8c\uc801": "pos", "\ud568\ubc15": "pos", "\uac00\ub09c": "neg", "\uac00\ub09c\ubc45\uc774": "neg", "\uc0b4\uc774": "neg", "\uc124\uc74c": "neg", "\ub2e4\uac00": "neg", "\uac00\ub144": "neg", "\uac00\ub155": "neg", "\uac00\ub9dd": "neg", "\uac00\uc2b4": "neg", "\uac00\uc2b4\uc18d": "neg", "\uac00\uc2b4\uc553\uc774": "neg", "\uac00\uc9dc": "neg", "\ucc29\ucde8": "neg", "\uc7a5\uc560": "neg", "\uac10\uae08": "neg", "\ubd88\ud654": "neg", "\uac15\uac04\uc8c4": "neg", "\uac15\uac1c\ubb34\ub7c9": "neg", "\uac15\uc81c": "neg", "\uac15\ud0c8": "neg", "\ube44\ud310": "neg", "\uac70\ub9cc": "neg", "\uac70\ubd81": "neg", "\uc8fc\uccb4": "neg", "\uac70\uc808": "neg", "\uac70\uc9d3\ub9d0": "neg", "\ubaa9\uc18c\ub9ac": "neg", "\ub9d0\ub2e4\ud23c": "neg", "\uc77c\ub2e4": "neg", "\uac00\uc058": "neg", "\uae54\ub044\ub7fd": "neg", "\uaec4\ub044\ub7fd": "neg", "\ub098\uc6b0": "neg", "\uc138\ucc28": "neg", "\uac80\uc0ac": "neg", "\ubd88\ud569\uaca9": "neg", "\uc9c0\ub9ac": "neg", "\uac81\uc7c1\uc774": "neg", "\uac8c\uac78": "neg", "\uaca9\ub178": "neg", "\uaca9\ubd84": "neg", "\uaca9\ud558": "neg", "\ud0a4\ub2e4": "neg", "\uacb0\uc11d": "neg", "\uacb0\ud54d": "neg", "\uacbd\ub828": "neg", "\uacbd\ub9dd": "neg", "\uacbd\uba78": "neg", "\uacbd\ubc15": "neg", "\ud568\ubd80\ub85c": "neg", "\uacbd\uc0c1": "neg", "\ubc29\uc815": "neg", "\ubd80\uc815": "neg", "\ubd88\ud3c9": "neg", "\uace0\ub09c": "neg", "\uace0\ub2e8": "neg", "\uace0\ub3c4\ud654": "neg", "\uace0\uc0dd": "neg", "\uace0\ucda9": "neg", "\uace0\ud1b5": "neg", "\uc9c0\uc18d": "neg", "\uace4\ub780": "neg", "\uace4\uad81": "neg", "\uace4\ud639": "neg", "\uace8\ub9ac": "neg", "\uacf0\ud321\uc774": "neg", "\uacf5\uac1c": "neg", "\ube44\ub09c": "neg", "\uacf5\uaca9": "neg", "\uacf5\ud3ec": "neg", "\uacf5\ud3ec\uc99d": "neg", "\uacfc\uc74c": "neg", "\uacfc\uc7a5": "neg", "\uacfc\uccb4\uc911": "neg", "\uad00\uc808\uc5fc": "neg", "\uad04\uc2dc": "neg", "\uad34\uba78": "neg", "\uad34\uc0ac": "neg", "\uad34\uc774": "neg", "\uad6c\uc5ed": "neg", "\uad6c\uc5ed\uc9c8": "neg", "\uad6c\ucc28": "neg", "\uad74\uc695": "neg", "\uad7c\ub728": "neg", "\ucd94\uc7a5": "neg", "\uc2e0\ud558": "neg", "\uad7d\uc2e4": "neg", "\uc0b0\ub2e4": "neg", "\uadc0\uc591": "neg", "\uc124\uc0ac": "neg", "\uadf8\ub978": "neg", "\ubc29\ud5a5": "neg", "\uc774\ubcc4": "neg", "\uadf9\ud610": "neg", "\uae08\uc9c0": "neg", "\uae09\uc131": "neg", "\uc5fc\uc99d": "neg", "\uc704\uc7a5\uc5fc": "neg", "\uae09\uc791": "neg", "\uae30\ub2a5": "neg", "\uae30\ub9cc": "neg", "\uae30\uc808": "neg", "\uae30\ud53c": "neg", "\ub530\ub3cc\ub9bc": "neg", "\uae38\uc774": "neg", "\uae4c\ubb34\ub7ec\uce60": "neg", "\uc5c5\uc2e0\uc5ec\uae40": "neg", "\uae5c\ucc0d": "neg", "\ud53c\ud558": "neg", "\ud63c\ucb50": "neg", "\uc808\ub9dd": "neg", "\ub05d\ub0b4": "neg", "\ud328\uac00\ub9dd\uc2e0": "neg", "\ub05d\uc7a5": "neg", "\uad82\ub2e4": "neg", "\ubc84\ub987": "neg", "\uc9d5\uc870": "neg", "\ub099\ub2f4": "neg", "\ub099\ub9dd": "neg", "\ub099\uc2ec": "neg", "\ub09c\uc7a1": "neg", "\uc8fc\ucc45": "neg", "\ud589\uc704": "neg", "\ubcf5\uc885": "neg", "\uc5b5\uc9c0\ub85c": "neg", "\ub0a8\uc6a9": "neg", "\uad74\ubcf5\uc2dc\ud0b4": "neg", "\ub9ac\uae30": "neg", "\uba78\uc2dc": "neg", "\uc870\ub871": "neg", "\ub0a9\uce58": "neg", "\ub0ad\ube44": "neg", "\ub0ad\ud328": "neg", "\ubcf4\uc544": "neg", "\ubcfc\ud488": "neg", "\ub10c\ub354\ub9ac": "neg", "\ub178\ub2f5": "neg", "\ub178\ub7b5": "neg", "\uc9c8\ud568": "neg", "\uc5ec\uc6b4": "neg", "\ub178\uc5ec\uc6c0": "neg", "\ub178\uc5fd\uac70": "neg", "\ub178\uc608": "neg", "\ud654\uc99d": "neg", "\ub178\ud568": "neg", "\ube44\uc544": "neg", "\ub180\ub9bc": "neg", "\uc870\ub85c": "neg", "\ub18d\ub77d": "neg", "\ub18d\uc9c0": "neg", "\ub1cc\uc885\uc591": "neg", "\ub1cc\uc9c4\ud0d5": "neg", "\ub1cc\ucd9c\ud608": "neg", "\ud0c0\ubc15\uc0c1": "neg", "\ub208\uaf34": "neg", "\ub208\ubb3c": "neg", "\uc894\uc894": "neg", "\ub208\uc54c": "neg", "\uac1c\ube44": "neg", "\ub290\uae00\uac70\ub9ac": "neg", "\ub290\uae08\ub9c8": "neg", "\ub299\uc740\uc774": "neg", "\ub2e4\uc18c": "neg", "\uc6b0\uae30": "neg", "\ub2e4\ud23c": "neg", "\ub2e6\ub2ec": "neg", "\ubd84\ud55c": "neg", "\ubc30\ucc99": "neg", "\ub2f9\ud55c": "neg", "\ub2f9\ud669": "neg", "\uc704\ud611": "neg", "\ub3c4\ub791": "neg", "\ubb34\ub9ac": "neg", "\uc544\ucca8": "neg", "\ub354\uc704": "neg", "\ub364\ubcbc": "neg", "\ub369\uc774": "neg", "\ub3c4\ub451": "neg", "\ub3c4\ub451\uc9c8": "neg", "\ub3c4\ubc15": "neg", "\ub3c4\uc911": "neg", "\uc2e4\ud328": "neg", "\uc791\uc6a9": "neg", "\ub3c5\uc0ac": "neg", "\ub3c5\uc0b4": "neg", "\ub3c5\ucc28\uc9c0": "neg", "\uba38\ub9ac": "neg", "\ub3d9\uc791": "neg", "\ud33d\uac1c\uce58": "neg", "\ub450\ub824\uc6c0": "neg", "\uacbd\uacc4": "neg", "\ubb34\uc11c\uc6c0": "neg", "\ub450\ucc3d": "neg", "\ub450\ud1b5": "neg", "\ubbf8\ub828": "neg", "\ubc14\uce58": "neg", "\uba40\ub9ac": "neg", "\ub9d0\uc528": "neg", "\uc0ac\uc815": "neg", "\ub5a1\uc2e4\uc2e0": "neg", "\ub77c\uc774": "neg", "\ub625\uaf2c": "neg", "\ub9c8\uad6c": "neg", "\ubd80\uc218": "neg", "\ub9c8\ube44": "neg", "\ubcd1\uc99d": "neg", "\uad6c\uc2ac": "neg", "\uc0c1\ud568": "neg", "\ucd08\ucd08": "neg", "\ub9c8\uc774\ub108\uc2a4": "neg", "\ubb34\uc9c8\uc11c": "neg", "\uc0c1\ud574": "neg", "\ub9d0\ub300\uafb8": "neg", "\ub9d0\ub300\ub2f5": "neg", "\ub9dd\uc2e0": "neg", "\ub9dd\uce58": "neg", "\ub9e4\ub3c5": "neg", "\ub9e4\ub3c5\uade0": "neg", "\uce68\uc785": "neg", "\ub9e4\ubab0": "neg", "\ub9e4\uc2a4\uaecd": "neg", "\ub2a5\uccad": "neg", "\ubabb\ub9c8": "neg", "\ube44\uc18d": "neg", "\uc131\uae30": "neg", "\uc18c\ub780": "neg", "\uc18c\uc2a4": "neg", "\uc2e0\uacbd\uc9c8": "neg", "\uc9c0\uadfc": "neg", "\uc694\ub780": "neg", "\uc6b0\ubb3c\ucb48\ubb3c": "neg", "\uc704\ud0dc\ub86d\uac70": "neg", "\uc704\ud0dc": "neg", "\uba74\uc11c": "neg", "\uba4d\ub369": "neg", "\ub9e4\uc9c8": "neg", "\ud480\ub9bc": "neg", "\ub9fa\ud78c": "neg", "\uc800\ub9ac": "neg", "\uba39\uae30": "neg", "\uba4d\uccad\uc774": "neg", "\uba54\uc2a4\uaebc\uc6c0": "neg", "\uba58\ubd95": "neg", "\uba74\uc0c9": "neg", "\uba78\ub9dd": "neg", "\uba78\uba85\ub418": "neg", "\uba78\uc5ec\ub418": "neg", "\uba78\uc5ec\ud558": "neg", "\ud6fc\uc190": "neg", "\uba85\uc608\ub86d": "neg", "\ubaa8\ub450": "neg", "\ubaa8\uc695": "neg", "\ubaa8\uc870\ub9ac": "neg", "\ud30c\uad34": "neg", "\ubaa8\uc9c4": "neg", "\ubaa8\uc9ca": "neg", "\ubaa9\uad6c\uba4d": "neg", "\ubaa9\uc228": "neg", "\uac70\uc758": "neg", "\uc0dd\ud0dc": "neg", "\uc5bc\ub9c8": "neg", "\ub0a8\uc9c0": "neg", "\ubab8\uc0b4": "neg", "\uac00\ub835": "neg", "\uac8c\uc73c\ub984": "neg", "\uad6c\uc18d": "neg", "\uad70\uc0c9": "neg", "\ubbf8\uc6c0": "neg", "\uc0b4\uae30": "neg", "\uc0c1\ud55c": "neg", "\ubaa8\ub418": "neg", "\uc2dc\uc7a5": "neg", "\uc544\ub9ac": "neg", "\uc545\ud55c": "neg", "\uc678\ub85c\uc6cc": "neg", "\uc694\ub9dd": "neg", "\uc6b0\uc9c1": "neg", "\ud0c4\uc2dd": "neg", "\ud654\uac00": "neg", "\ubab9\uc4f8": "neg", "\uc218\ub2e8": "neg", "\ubabb\ub09c\uc774": "neg", "\uc7a5\ub09c": "neg", "\ubc29\ud574": "neg", "\ubabd\ub545": "neg", "\uac78\uc74c": "neg", "\ubc1c\uac78\uc74c": "neg", "\ubb34\uae30": "neg", "\ubb34\ub108": "neg", "\ubb34\ub1cc\ucda9": "neg", "\ubb34\ub2e8": "neg", "\ubb34\ub354\uc704": "neg", "\ub514\ub2e4": "neg", "\ubb34\ubd84\ubcc4": "neg", "\ub54c\ubb38": "neg", "\ubb34\uc2dc": "neg", "\ubb34\uc548": "neg", "\uace0\ubd80": "neg", "\ubb34\ucc45\uc784": "neg", "\ub0a8\uc544": "neg", "\ud5d8\uc0c1\uad83": "neg", "\uc99d\uc138": "neg", "\ubbf8\ud639": "neg", "\uc9d3\uad83": "neg", "\ubc14\ubcf4": "neg", "\ubc15\ud0c8": "neg", "\ubc18\ub300": "neg", "\ubc18\ub780": "neg", "\ubc18\ubc1c": "neg", "\ubc18\uc2e0\ubd88\uc218": "neg", "\ubc18\uc5ed": "neg", "\uaf80\ud568": "neg", "\ubc18\ud56d": "neg", "\uc7ac\uc559": "neg", "\ubc1c\uae30": "neg", "\ubd88\ub2a5": "neg", "\ubc1c\ub048": "neg", "\ubc1c\uc721": "neg", "\ubc1c\uc791": "neg", "\uc545\uc5c5": "neg", "\ubc30\ubc18": "neg", "\ubc18\ud568": "neg", "\ubc30\uc2e0": "neg", "\ubc30\uc740\ub9dd\ub355": "neg", "\ubc30\ud0c8": "neg", "\ubc84\uc813\ud558": "neg", "\ubc94\uc778": "neg", "\ubc94\uc8c4": "neg", "\uac00\ub2f4": "neg", "\ubc94\uc8c4\uc790": "neg", "\ubc95\ub960": "neg", "\uc704\ubc18": "neg", "\ubcbc\uc2ac": "neg", "\ubcc0\ubcc0\ucc2e": "neg", "\ubcc0\uce58": "neg", "\ubcc0\uc0ac": "neg", "\ubccd\uc2e0": "neg", "\ubcd1\ub3c5": "neg", "\ubcd1\uc138": "neg", "\ubcd1\uc2e0": "neg", "\uacfc\ub85c": "neg", "\ubcd1\uc801": "neg", "\uac15\ubc15": "neg", "\uac00\ub7c9": "neg", "\uba78\uce58": "neg", "\uc695\uc2ec": "neg", "\uc9dc\uc99d": "neg", "\ubcf5\ud1b5": "neg", "\ubcfc\uc30d": "neg", "\ubcfc\uc37d": "neg", "\ud750\ud2b8\ub7ec\uc9c0": "neg", "\ubd09\ubcc0": "neg", "\uac00\ub85c": "neg", "\ubd80\ub3c4\ub355": "neg", "\ubd80\uc0c1": "neg", "\ubd80\uc704": "neg", "\ubd80\uc778": "neg", "\ubd80\uc791\uc6a9": "neg", "\ubd80\uc801": "neg", "\ube44\ub9ac": "neg", "\ubd80\uc815\uc9c1": "neg", "\ud540\uc794": "neg", "\ub300\ub2f5": "neg", "\ubd80\uc870\ub9ac": "neg", "\ubd80\uc870\ud654": "neg", "\ubd80\uc9c4": "neg", "\ubd84\uac04": "neg", "\ubd84\uaca9": "neg", "\ubd84\ub098": "neg", "\ubd84\ub178": "neg", "\ubd84\uc218": "neg", "\ud5c8\ud669": "neg", "\ubd84\ud0c4": "neg", "\ubd84\ud0d5": "neg", "\ubd84\ud0d5\uc9c8": "neg", "\ubd84\ud1b5": "neg", "\ubd88\uac74\uc804": "neg", "\uc131\uad00\uacc4": "neg", "\ubd88\uacbd\uae30": "neg", "\ubd88\uade0\ud615": "neg", "\ubd88\ub048": "neg", "\ubd88\ub7c9": "neg", "\ubd88\ub7c9\ud654\uc18c": "neg", "\ubd88\ub9cc\uc871": "neg", "\ud22c\uc131\uc774": "neg", "\ubd88\uba74\uc99d": "neg", "\ubd88\uba85\uc608": "neg", "\ubd88\ubc95": "neg", "\uccb4\ub958": "neg", "\ubd88\ubc95\uccb4\ub958": "neg", "\ubd88\uc2e0": "neg", "\ubd88\uc548": "neg", "\ucd08\uc870": "neg", "\ubd88\uc548\uac10": "neg", "\ubd88\uc548\uc804": "neg", "\uc5b4\ucc0c": "neg", "\ubd88\ucda9\ubd84": "neg", "\ubd88\uce58": "neg", "\ubd88\ucf8c\uac10": "neg", "\ubd88\ucf8c": "neg", "\uc815\uc11c": "neg", "\ubd88\ud3c9\ub4f1": "neg", "\ubd80\ub9ac": "neg", "\uc870\uc758": "neg", "\ubd88\ub7c9\ud488": "neg", "\ubd88\ud569\ub9ac": "neg", "\ubd88\ud589": "neg", "\uc7ac\uc218": "neg", "\ubd88\ud611\ud654\uc74c": "neg", "\ubd88\ud669": "neg", "\ubd88\ud6a8": "neg", "\ube44\uad00": "neg", "\ube44\uadf9": "neg", "\ube44\ub828": "neg", "\ube44\ub9cc": "neg", "\ud658\uc790": "neg", "\ube44\ubc29": "neg", "\ube44\uc704": "neg", "\ube44\ucc38": "neg", "\ube44\ud0c4": "neg", "\ube44\ud569\ub9ac\uc801": "neg", "\ube44\ud604\uc2e4\uc801": "neg", "\ube48\ub300": "neg", "\ube61\ub3c4": "neg", "\ube61\ub3cc\ub2e4": "neg", "\ube61\uc138": "neg", "\ubcbc\ub974": "neg", "\ubf08\ub9c8\ub514": "neg", "\ub2f5\uc9c0": "neg", "\ucc98\ubc8c": "neg", "\uc8fd\uc74c": "neg", "\uc9d0\uc2b9": "neg", "\uc5b4\uae0b\ub098\uac8c": "neg", "\ub450\uc6b4": "neg", "\uc0ac\ub9dd": "neg", "\uc0ac\uba78": "neg", "\ubaa8\uc758": "neg", "\uc0ac\ud615": "neg", "\ucc98\ud568": "neg", "\uc0b4\uc778\uc790": "neg", "\uc0b4\uc778\uc8c4": "neg", "\uc0b4\ud574": "neg", "\uc0c1\ub300\ud3b8": "neg", "\uc0c1\uc11c\ub86d": "neg", "\uc0c1\uc2b5\ubc94": "neg", "\uc0c1\uc2ec": "neg", "\uc0c1\ucc98": "neg", "\ub0b4\uba74": "neg", "\uc785\ub2e4": "neg", "\uc0c1\ud63c": "neg", "\uae00\ud53c": "neg", "\uc11c\ub7ec\uc6c0": "neg", "\uc124\uc6c0": "neg", "\uc12d\uc12d": "neg", "\uc131\ubbf8": "neg", "\uc648\uce75": "neg", "\uc774\ub098": "neg", "\uac70\uc138": "neg", "\uc138\ub825": "neg", "\uc885\ub9d0": "neg", "\uc138\uc18d": "neg", "\uc18c\ub3d9": "neg", "\ud615\uc138": "neg", "\uc18c\ub780\uc2a4\ub7ec\uc6c0": "neg", "\uc18c\ub984": "neg", "\uc18c\uc678": "neg", "\uc18c\uc6a9": "neg", "\uc18c\ud640": "neg", "\uc18d\ubc15": "neg", "\uc18d\uc148": "neg", "\ubd80\uae00": "neg", "\ubaa8\ub7b5": "neg", "\uc18d\uc784\uc218": "neg", "\uc190\uc0c1": "neg", "\uce58\uc695": "neg", "\uc190\uc2e4": "neg", "\uc190\ud574": "neg", "\ubc30\uc0c1": "neg", "\uc1a1\uad6c": "neg", "\uc1e0\uba78": "neg", "\uc9c0\uacbd": "neg", "\uc1e0\uc794": "neg", "\uc81c\ub3c4": "neg", "\uc218\uba74": "neg", "\ubd80\uc871": "neg", "\uc218\uce58": "neg", "\uc21c\uac04": "neg", "\uc21c\ud658": "neg", "\uc228\uc18c\ub9ac": "neg", "\uac00\ube60": "neg", "\ucc28\uc11c": "neg", "\uc2a4\uc0b0": "neg", "\uc2a4\ud2b8\ub808\uc2a4": "neg", "\ud55c\ud0c4": "neg", "\uc2ac\ud514": "neg", "\uc5f0\ubbfc": "neg", "\uc2b9\ub9ac": "neg", "\uc624\ub77d\uac00\ub77d": "neg", "\uc2dc\ub300": "neg", "\uc2dc\ub4e4\uc2dc\ub4e4": "neg", "\uc2eb\uc99d": "neg", "\uc2dc\ub828": "neg", "\uc2dc\ub984": "neg", "\uc2dc\ub9dd": "neg", "\uc2dc\ubb34": "neg", "\uc2dc\ube44": "neg", "\uc2dc\uc0c8\uc6c0": "neg", "\uc2dc\uc0d8": "neg", "\uc2dc\uccb4": "neg", "\uc2e0\uacbd": "neg", "\uc1e0\uc57d": "neg", "\uc2e0\uccb4": "neg", "\uc2e4\ub9dd": "neg", "\uc2e4\uc2ec": "neg", "\ud45c\uc2dc": "neg", "\ud658\uacbd": "neg", "\uc2ec\uac01": "neg", "\uc2ec\ub9ac": "neg", "\ucda9\uaca9": "neg", "\uc2ec\uc220": "neg", "\uc2ec\uc220\uad82": "neg", "\uc2ec\uc220\uafb8\ub7ec\uae30": "neg", "\uc2ec\uc220\uc7c1\uc774": "neg", "\uc2ec\uc7a5": "neg", "\uc9c8\ud658": "neg", "\uc2ec\uc7a5\ub9c8\ube44": "neg", "\uc2ec\uc7a5\ubcd1": "neg", "\uc744\ub7ec\ub300": "neg", "\ud2b8\ub9bc": "neg", "\ud559\ub300": "neg", "\uc555\ubc15": "neg", "\ucd94\uc704": "neg", "\ud1b5\uc99d": "neg", "\ud610\uc624": "neg", "\uc6d0\ud55c": "neg", "\uc74c\uae30": "neg", "\ub4f1\ubd88": "neg", "\uac12\uc5b4\uce58": "neg", "\uc544\uc544": "neg", "\uc57c\ub2e8": "neg", "\uac00\uc5fd\ub2e4": "neg", "\uacbd\uc6b0": "neg", "\uc784\uc9c8": "neg", "\ud638\uc18c": "neg", "\ubc29\ubc95": "neg", "\uc545\ub9c8": "neg", "\uc545\ubabd": "neg", "\uc545\uc131": "neg", "\uc545\uc21c\ud658": "neg", "\uc545\uc5f0": "neg", "\uc545\uc758": "neg", "\uc545\ud50c": "neg", "\uc545\ud654": "neg", "\ucc2e\ub2e4": "neg", "\uc0c1\ud669": "neg", "\uacb0\ud575": "neg", "\uc555\uc5b5\ub418": "neg", "\uc559\uac1a\uc74c": "neg", "\uc560\ub3c4": "neg", "\uc560\uc11d": "neg", "\uc560\ud1b5": "neg", "\uc57c\ubc15": "neg", "\uc57c\uc18d": "neg", "\uc57c\uc720": "neg", "\uc57d\uac04": "neg", "\uc57d\uc810": "neg", "\uc57d\ud0c8": "neg", "\uc584\ub9dd\uad83": "neg", "\uace0\ube44": "neg", "\uc9c8\ubb38": "neg", "\uc5b4\ub9ac\uc11d\uc74c": "neg", "\uc5b5\ub204\ub8e8": "neg", "\uc5b5\uc555": "neg", "\ub824\uace0": "neg", "\ub9d0\uc37d": "neg", "\uc5c5\uadc0": "neg", "\uc5c9\ud130\ub9ac": "neg", "\uc5ec\ubcd1\ucd94": "neg", "\uad6c\ub9ac": "neg", "\uc5ed\uc815": "neg", "\uc5ed\uc99d": "neg", "\uc5f4\ubcd1": "neg", "\uc5f4\ud3ed": "neg", "\uc601\uc815": "neg", "\uc608\uc758\ubc94\uc808": "neg", "\uc624\ub3c4": "neg", "\uc624\uc5fc": "neg", "\uc2dd\ud488": "neg", "\uc624\uc6a9": "neg", "\uc624\ud574": "neg", "\uc18c\uc9c0": "neg", "\uc628\ub2f9": "neg", "\ucc28\uc9c0": "neg", "\uc694\uc0ac": "neg", "\uc220\ubc95": "neg", "\uc695\ub9dd": "neg", "\uc695\uc124": "neg", "\ubcf4\uc784": "neg", "\uc695\ud568": "neg", "\uc6b0\uaca9\ub2e4\uc9d0": "neg", "\uc6b0\ub824": "neg", "\uc6b0\uc6b8": "neg", "\uc6b0\uc6b8\uc99d": "neg", "\ud558\ub098": "neg", "\uc6b4\uba85": "neg", "\ud750\ub290\ub084": "neg", "\uc6b8\ubd84": "neg", "\uc6b8\uc0c1": "neg", "\uc6b8\uc74c": "neg", "\uc6b8\uc74c\uc18c\ub9ac": "neg", "\uc6b8\ud654": "neg", "\uc885\uc54c\uc885\uc54c": "neg", "\uc2ac\ud54c": "neg", "\uc704\ud5d8": "neg", "\uc720\uc8c4": "neg", "\uc73d\ubc15": "neg", "\uc73d\ubc15\ub2e4": "neg", "\uc73d\ubc15\uc9c8": "neg", "\uc744\ub7ec\ub300\uc5b4": "neg", "\uc74c\ubaa8": "neg", "\ud5c8\ub9dd": "neg", "\uc190\uae38": "neg", "\uc758\uc2dd": "neg", "\ubd88\uba85": "neg", "\uc758\uc778": "neg", "\uae30\uc801": "neg", "\uc0ac\uc0c1": "neg", "\ub290\ubb3c\uac70\ub9ac": "neg", "\uc778\ub9dd": "neg", "\uc778\uc0ac": "neg", "\ubd88\uc131": "neg", "\uc790\uad34": "neg", "\uc790\uae30": "neg", "\ubb36\uc74c": "neg", "\ucc45\ub9dd": "neg", "\uc790\ud3d0": "neg", "\uc790\ud574": "neg", "\uc797\ub2ec": "neg", "\uc5fc\ud0d0": "neg", "\ub0b4\uc9c0": "neg", "\uc7a5\uc560\uc778": "neg", "\uc7ac\ub09c": "neg", "\ub3cc\ub9bc\ubcd1": "neg", "\uc800\uc8fc": "neg", "\uc801\ub300": "neg", "\uc801\uc218": "neg", "\uc801\uc808": "neg", "\uc804\uc5fc": "neg", "\uc804\uc804\uae0d\uae0d": "neg", "\uc808\ub3c4": "neg", "\ubd84\uc5f4": "neg", "\uc815\uc2e0\ubcd1": "neg", "\uc815\uc2e0\uc9c8\ud658": "neg", "\uc81c\ud55c": "neg", "\uac78\uc704": "neg", "\uc870\uc0c1": "neg", "\uc874\ubabb": "neg", "\uc878\ub3c4": "neg", "\uaf2c\ubb3c\uac70\ub9ac": "neg", "\ud63c\uc7a3\ub9d0": "neg", "\uc88c\uc695": "neg", "\uc88c\uc808": "neg", "\uc8c4\uacfc": "neg", "\ub3c4\ub9ac\uc5b4": "neg", "\uc9c0\uc740": "neg", "\uc8c4\ubc94": "neg", "\uc8c4\uc218": "neg", "\uc8c4\uc545": "neg", "\uad00\uc601": "neg", "\uad00\uc601\ud558": "neg", "\uc545\uc815": "neg", "\uac00\ub4dd": "neg", "\uc8c4\uc5c5": "neg", "\uc90f\ub300": "neg", "\uc911\ubcd1": "neg", "\uc7ac\ubc1c": "neg", "\uc911\uc0c1": "neg", "\uc911\ud48d": "neg", "\uc99d\uc624": "neg", "\uc131\uc0dd\ud65c": "neg", "\uc9c0\uc625": "neg", "\uc5bb\uc9c0": "neg", "\uc9c4\uc800\ub9ac": "neg", "\uc9c4\uc808\uba38\ub9ac": "neg", "\uc9c8\ubcd1": "neg", "\uc9c8\uc0c9": "neg", "\uc9c8\uc11c": "neg", "\uc801\uc9d1": "neg", "\uc801\ud558": "neg", "\ucc38\ud615": "neg", "\ucc3d\ub140": "neg", "\ucc3d\ud53c": "neg", "\ud53c\uc2a4": "neg", "\ud669\ud558": "neg", "\ucc9c\ubc15": "neg", "\ubb34\uc2a4": "neg", "\uccb4\uba74": "neg", "\ucd08\uc0c1": "neg", "\ucd5c\uc545": "neg", "\ucd5c\uc88c": "neg", "\ucd94\uc800": "neg", "\ucde8\uc57d": "neg", "\uc9c0\uc2ec": "neg", "\uce7c\ube75": "neg", "\ud0c0\uaca9": "neg", "\ud0d0\uc695": "neg", "\ubb34\ub2c8": "neg", "\uace0\uc9d1": "neg", "\ud1b5\ud0c4": "neg", "\ud30c\uc6b8": "neg", "\ud314\uc790": "neg", "\ud398\ub110\ud2f0": "neg", "\ud3b8\uacac": "neg", "\ud3b8\ub450\ud1b5": "neg", "\ud3d0\uac00": "neg", "\ud3d0\uacb0\ud575": "neg", "\ud3d0\ub834": "neg", "\ud3ed\ub825": "neg", "\ud478\ub150": "neg", "\ud48d\uc790": "neg", "\ud53c\uaebc\uc19f": "neg", "\ud53c\ubd80\ubcd1": "neg", "\ud558\uc18c\uc5f0": "neg", "\uc77c\ub85c": "neg", "\ud55c\uc228": "neg", "\uac04\uc12d": "neg", "\uace0\uae30": "neg", "\uc0ac\uaca9": "neg", "\ud568\uc815": "neg", "\ud569\ub2f9": "neg", "\ud604\uc0c1": "neg", "\ud574\ub85c\uc6c0": "neg", "\ud574\uce58": "neg", "\ud574\uce68": "neg", "\ud589\ud328": "neg", "\ubd80\ub9ac\uace0": "neg", "\ud5c8\uc6a9": "neg", "\uc4f0\ub808\uae30": "neg", "\ud5c8\ucc2e": "neg", "\ud5c8\ud0d5": "neg", "\ud5db\ub418\uc774": "neg", "\ud5db\ub41c": "neg", "\ud604\uc800": "neg", "\ud611\ubc15": "neg", "\uc704\ud0dc\ub86d": "neg", "\uc704\ud0dc\ub86d\ub2e4": "neg", "\uafb8\uc9c0\ub78c": "neg", "\ud638\ud761": "neg", "\ubaa8\ub178": "neg", "\ud63c\uc790": "neg", "\uce58\ubc00": "neg", "\ubc8c\ucee5": "neg", "\ud654\uc7ac": "neg", "\uc0c1\uc2e4": "neg", "\ud669\ud3d0": "neg", "\ud6c4\ud68c": "neg", "\ub9c9\uc2ec": "neg", "\ud6fc\ubc29": "neg", "\ud749\uad34\ud558": "neg", "\ud749\ub144": "neg", "\ud749\ub9dd": "neg", "\ud749\ub9dd\uc2a4\ub808": "neg", "\ud749\ubabd": "neg", "\ud749\ubb3c": "neg", "\ud749\uc545": "neg", "\ub9dd\uce21": "neg", "\ubb34\ub3c4": "neg", "\ud749\uce21": "neg", "\ud3ec\uc131": "neg", "\ubab0\uace8": "neg", "\ud751\uc5ed\uc0ac": "neg", "\ud765\uae00": "neg", "\ubc29\ub9dd\uc774": "neg", "\ud76c\ub9dd\uc774": "neg", "\ud788\uc0b4\uc2a4\ub808": "neg", "\ud798\uaca8\uc6c1\ub2e4": "neg", "\uacfc\uc815": "neg", "\ub20c\ub824": "neg", "\uacbd\uc545": "neg", "\uae30\uac81": "neg", "\uc345\ub144": "neg", "\uac1c\uc790\uc2dd": "neg", "\uac1c\uc0c8\ub07c": "neg", "\ub2c8\ubbf8": "neg", "\ubaa8\uba78": "neg", "\ube4c\uc5b4\uba39\uc744": "neg", "\uc090\uce58": "neg", "\uc2f8\uac00\uc9c0": "neg", "\uc30d\ub144": "neg", "\uc30d\ub188": "neg", "\uc528\ubd80\ub784": "neg", "\uc0c8\ub07c": "neg", "\uc618\ubcd1\ud560": "neg", "\uc6ec\uc218": "neg", "\uc7a1\ub188": "neg", "\uace4\uc695": "neg", "\ub9dd\uc5f0": "neg", "\ub9dd\uc5f0\uc790\uc2e4": "neg", "\uc678\ud1a8\uc774": "neg", "\uc655\ub530": "neg", "\uc808\uaddc": "neg", "\uc8c4\ucc45\uac10": "neg", "\uc8fc\ub205": "neg", "\uace8\uce58": "neg", "\uaf34\ubd88\uacac": "neg", "\ud574\uad34": "neg", "\uac00\ub150\ud558": "neg", "\uac00\ub4dc\uc62c\ub824": "neg", "\uac00\ub798": "neg", "\uac00\uc05c": "neg", "\uac00\uc2a4": "neg", "\uc911\ub3c5": "neg", "\uac00\uc704": "neg", "\uac00\uc99d": "neg", "\uac00\ucc45": "neg", "\uac04\uc0ac": "neg", "\uc790\ub9bf": "neg", "\uac04\uc9c8": "neg", "\ubcd1\uade0": "neg", "\uac08\ub77c": "neg", "\uac08\uc0c9": "neg", "\uac08\uc99d": "neg", "\uac08\ud321\uc9c8\ud321": "neg", "\uac08\ud53c": "neg", "\uc7a1\uc9c0": "neg", "\uac10\uae30": "neg", "\ucc9c\uc2dd": "neg", "\uac10\ubcd1": "neg", "\uac10\uc625": "neg", "\uac11\uac11": "neg", "\uac11\uc790\uae30": "neg", "\ubd84\ubcc4": "neg", "\uac15\ub3c4": "neg", "\uac15\ub4f1": "neg", "\uac15\ud1f4": "neg", "\uc73c\ub984": "neg", "\uac70\uafb8\ub85c": "neg", "\uac70\ub4dc\ub7ed\uac70\ub9ac": "neg", "\uba39\uac70\ub9ac": "neg", "\uac70\ub798": "neg", "\uac70\ubb34\uc2a4\ub984": "neg", "\uace0\ub984": "neg", "\uac70\uc5ed": "neg", "\uac70\uce58": "neg", "\uac71\uc815\uac70\ub9ac": "neg", "\uc870\ubc14\uc2ec": "neg", "\uac74\ub2ec": "neg", "\uac74\ub465": "neg", "\ubc18\ub465": "neg", "\uac74\ub9dd\uc99d": "neg", "\uac74\uc131": "neg", "\uae30\uce68": "neg", "\uac78\ud54f\ud558\uba74": "neg", "\ud2f0\ub04c": "neg", "\uce58\ub808": "neg", "\uac90\ud2b8": "neg", "\uaca8\ub97c": "neg", "\uaca8\uc6b0": "neg", "\ube60\ub4ef\ud558": "neg", "\uacb0\uae30": "neg", "\uacb0\ub2e8": "neg", "\uacb0\ub9c9\uc5fc": "neg", "\uacb0\uc2ec": "neg", "\uacb0\uc815": "neg", "\uacbd\ud669": "neg", "\uace0\ub984\uc9d1": "neg", "\uace0\ub9ac": "neg", "\uaca9\ub2e4": "neg", "\uace0\uc18c": "neg", "\uace0\uc5f4": "neg", "\uace0\uc790\uc9c8": "neg", "\uace0\uc791": "neg", "\uace0\uc7a5": "neg", "\uace0\uc9c0\ud608\uc99d": "neg", "\ubd80\ub9bc": "neg", "\uace0\ud568": "neg", "\uace0\ud608\uc555": "neg", "\uace4\uc7a5": "neg", "\uace7\uc798": "neg", "\uacea\ub290": "neg", "\uacf0\uc0b4": "neg", "\uac11\uc9c0": "neg", "\uacf0\uc0b4\uad82": "neg", "\uacf5\uac08": "neg", "\uacf5\uacf5": "neg", "\uacf5\uad50": "neg", "\uacf5\ubc94": "neg", "\uacf5\uc5f0": "neg", "\uacf5\ud669": "neg", "\uacf5\ud669\uc7a5\uc560": "neg", "\uacfc\uae08": "neg", "\uacfc\ub300\ub9dd\uc0c1": "neg", "\uacfc\ub3c4": "neg", "\uacfc\uc2dd": "neg", "\uad00\ub78c\uac1d": "neg", "\uad00\uc808": "neg", "\uad00\ucca0": "neg", "\uad11\uacac\ubcd1": "neg", "\uad11\ud0c8": "neg", "\ud2b8\uc9d1": "neg", "\uad34\ubb3c": "neg", "\uad50\ub3c4\uc18c": "neg", "\uc218\uac10": "neg", "\uad50\ubaa8": "neg", "\uad50\uc81c": "neg", "\uad6c\ub450\uc1e0": "neg", "\uad6c\ud1a0": "neg", "\uad6d\ub0b4": "neg", "\uad70\uc0b4": "neg", "\ubc31\uc131": "neg", "\uad7c\ub4dc": "neg", "\uad8c\ub9ac": "neg", "\uce68\ud574": "neg", "\uad8c\uc138": "neg", "\ub9c8\uc74c\ub300\ub85c": "neg", "\uad8c\ud0dc": "neg", "\uad8c\ud0dc\uae30": "neg", "\ub85c\uc774": "neg", "\uadc0\uba38\uac70\ub9ac": "neg", "\uadc0\ucc28\ub2c8\uc998": "neg", "\uaddc\ubc94": "neg", "\uaddc\uce59": "neg", "\uade0\ud615": "neg", "\uc2e4\uc218": "neg", "\ub300\uac15": "neg", "\ub300\ucda9": "neg", "\uadf8\ub974": "neg", "\uadf8\ub974\uce58": "neg", "\uadf9\uc131": "neg", "\uadfc\uac70": "neg", "\uae08\uace0": "neg", "\uc0ac\ube60": "neg", "\ubcc0\ub355": "neg", "\uae30\uad00\uc9c0\uc5fc": "neg", "\uae30\ub7c9": "neg", "\uae30\ub825": "neg", "\uae30\ub984\uae30": "neg", "\uaebe\uc784": "neg", "\uae30\uc77c": "neg", "\uae30\ud55c": "neg", "\uae30\ud615": "neg", "\uc8fc\uc758": "neg", "\uae38\ub9c9": "neg", "\uae4c\ubb34\ub7ec\uccd0": "neg", "\uae4c\ube44": "neg", "\uae4c\ud0c8": "neg", "\uc8fd\ub300": "neg", "\uae5c\ub180": "neg", "\uae5c\uc9dd": "neg", "\uae68\uce68": "neg", "\ub355\ub300": "neg", "\uaec4\ub044\ub7ec\uc6b4": "neg", "\uaf2c\ub77d\uc11c\ub2c8": "neg", "\uc5fc\uce58": "neg", "\uc804\ud568": "neg", "\uafb8\uc911": "neg", "\ub084\ub07c\ube60\ube60": "neg", "\ub098\ub9bf\ub098\ub9bf": "neg", "\ub098\ubb34\ub78c": "neg", "\ub098\ubd88": "neg", "\ub9d0\ud22c": "neg", "\ub0a8\uc0ac": "neg", "\ub0b4\ubd80": "neg", "\ub0b4\uc1a1": "neg", "\ub108\ud504": "neg", "\uc544\uc57c": "neg", "\ub178\ub984": "neg", "\ub178\uc219\uc790": "neg", "\ub178\uc778": "neg", "\ub178\uc7bc": "neg", "\ub178\ud6c4": "neg", "\ub1cc\ubb3c": "neg", "\ub204\ub974\uae30": "neg", "\ub208\uacf1": "neg", "\ub208\ub72c\uc7a5\ub2d8": "neg", "\ub208\uc0c8": "neg", "\uc544\ub4e4": "neg", "\ub258\uc6b0\uce68": "neg", "\ub290\ub9bf\ub290\ub9bf": "neg", "\ub290\uc988\ub7ec\uc838": "neg", "\uc218\uc120": "neg", "\ub2e4\ub78d": "neg", "\ub2e4\ub9ac": "neg", "\ub2e8\ubc88": "neg", "\ub2e8\uc791": "neg", "\ub2f9\ucc2e\ub2e4": "neg", "\ub300\uad6c": "neg", "\ub300\uafb8": "neg", "\ub2e8\uce58": "neg", "\ub300\ub9bd": "neg", "\ub300\uc911": "neg", "\ub35c\ub801": "neg", "\ub3c4\ub9dd": "neg", "\ub3c4\uc0b4": "neg", "\ub3c4\uc678": "neg", "\uc758\uc2ec": "neg", "\ub3c4\uc801": "neg", "\ub3c5\uac10": "neg", "\uc22d\uc22d": "neg", "\uc2dc\uae30": "neg", "\ub4e3\ubcf4\uc7a1": "neg", "\ub4f1\ubf08": "neg", "\ub4f1\uc9c0": "neg", "\uae08\ub300": "neg", "\ub534\uc804": "neg", "\ub618\ub618\ud558": "neg", "\ub69d\ub451": "neg", "\ub73b\ubc16": "neg", "\ub8e8\uba38": "neg", "\ub9c8\ub545\uce58": "neg", "\ub9c8\ub9db": "neg", "\uc790\uad6d": "neg", "\ub9c8\uc57d": "neg", "\ubaa8\uc790\ub77c": "neg", "\ube44\uc5b4": "neg", "\ub9cc\uc131": "neg", "\ud53c\ubd80\uc5fc": "neg", "\ub9d0\uc18c\ub9ac": "neg", "\ub9dd\uc2e4": "neg", "\uae30\ub3c4": "neg", "\ub9e5\ubc15": "neg", "\ubbf8\uc57d": "neg", "\uba38\ubb47": "neg", "\uba39\ud280": "neg", "\uba3c\uc9c0": "neg", "\uba40\uac8b": "neg", "\uba40\uac8b\ub2e4": "neg", "\uba48\uce6b": "neg", "\uba4b\uca4d": "neg", "\uba4b\uca4d\uc74c": "neg", "\uba74\uc9c1": "neg", "\uba85\ub839": "neg", "\uba85\uc608\ud6fc\uc190": "neg", "\ubaa8\ub974\uac70\ub098": "neg", "\uccb4\ud568": "neg", "\ubaa8\uc591\uc0c8": "neg", "\ub9c8\ub974\uace0": "neg", "\ud141\ud141\ud558": "neg", "\ubab0\ub798": "neg", "\ub300\uac70": "neg", "\ubab0\uc778\uc815": "neg", "\ubd80\uc2a4\ub7fc": "neg", "\ubb34\uac00\uce58": "neg", "\ubb34\uad00\uc2ec": "neg", "\ubb34\ub2a5\ub825": "neg", "\ubb34\ub98e": "neg", "\uc2dc\ub9ac": "neg", "\ubb34\ud55c": "neg", "\uc774\uae30\uc8fc\uc758": "neg", "\ubb34\ud615": "neg", "\ubb34\ud6a8": "neg", "\ubc95\ub3c4": "neg", "\ubb38\ub9f9": "neg", "\uc9c8\ub9ac": "neg", "\ubb3c\uc5b4": "neg", "\ubb3c\uc9c8\ub300\uc0ac": "neg", "\ubb3c\uc9d1": "neg", "\ubbf8\ub764": "neg", "\ubbf8\uc219": "neg", "\ub798\uc11c": "neg", "\ubc14\uc774\ub7ec\uc2a4": "neg", "\ubc14\uc9dd": "neg", "\uc7ac\ucd09": "neg", "\ubc15\uc57d": "neg", "\ubc99\uc5b4\ub9ac": "neg", "\ubc18\ud488\ub0a8": "neg", "\ubc18\ud488\ub140": "neg", "\ubc1c\uae38\uc9c8": "neg", "\ubc1c\uc5f0\uae30": "neg", "\ubc1c\uc5f4": "neg", "\uc624\ud55c": "neg", "\ubc1c\ucee8": "neg", "\ubc1c\ud718": "neg", "\ubc29\uce58": "neg", "\uae30\uc5b4": "neg", "\ubc8c\ub808": "neg", "\ubc8c\ubc8c": "neg", "\ubcc0\ube44": "neg", "\ubcc0\ube44\uc99d": "neg", "\ubcc0\ud0dc": "neg", "\ubcc4\ub85c": "neg", "\ubcc4\uc548\uac04": "neg", "\ud638\ub4e4\uac11": "neg", "\ubcd1\ub9db": "neg", "\ubcf4\ub85c": "neg", "\ubcf4\uc218": "neg", "\ubcf5\uc6d0": "neg", "\ubd88\uac00": "neg", "\ubcf8\uc2ec": "neg", "\ubd80\ub044\ub7ec\uc6c0": "neg", "\uae30\uc18c": "neg", "\ubd80\ub4dd\ubd80\ub4dd": "neg", "\ubd80\ub7ec": "neg", "\ubd80\uc0b0": "neg", "\ubd80\uc2a4\uc2a4": "neg", "\ubd80\uc2ec": "neg", "\ubd80\uc5b4": "neg", "\ubd80\uc790\uc5f0": "neg", "\ubd80\uc815\ud589\uc704": "neg", "\ubd80\uc8fc\uc758": "neg", "\ubd84\ub780": "neg", "\ubd84\uba85": "neg", "\ubd88\uba74": "neg", "\uc131\uc2e4": "neg", "\ubd88\uc21c": "neg", "\ubd88\uc6b4": "neg", "\ubd89\uc73c\ub77d": "neg", "\ud478\ub974\ub77d": "neg", "\uc5ec\uc9c0": "neg", "\ube44\uc6c3\uc74c": "neg", "\ube44\uc815\uc0c1": "neg", "\ube44\ud2c0": "neg", "\ucd94\uad81": "neg", "\ube44\ud3c9": "neg", "\ube48\ub465\uac70\ub9ac": "neg", "\ube48\ub465\ube48\ub465": "neg", "\ube48\ub465\ube48\ub465\ud558": "neg", "\ube48\ud608": "neg", "\ube60\ud2b8\ub9ac": "neg", "\ube75\uafb8\ub625\uafb8": "neg", "\ube75\uc154\ud2c0": "neg", "\uc0ac\ub78c\uacfc": "neg", "\uc0ac\uc591": "neg", "\uc18c\uc6d0": "neg", "\uc0ac\uce58": "neg", "\uc0ac\ud0dc": "neg", "\uc0b0\ud6c4": "neg", "\uc0b4\uac00\uc8fd": "neg", "\uc9d3\ubb34\ub974": "neg", "\uc0b4\uac17": "neg", "\uc0b4\ubaa8\ub12c\ub77c\uade0": "neg", "\uc0b4\uc778": "neg", "\uc0b4\uc9dd": "neg", "\uc0c8\ub208\ubb34\ub2bf\ubcd1": "neg", "\uc0d0\ucb49": "neg", "\ubd84\ub300": "neg", "\uc120\ub4dd": "neg", "\uc120\ucc9c": "neg", "\uc124\ub801\uac70\ub9ac": "neg", "\uc124\ub801\ub300": "neg", "\ubc1c\uce58": "neg", "\uc138\uc9c0": "neg", "\uc18c\uacac": "neg", "\uadf9\uc801": "neg", "\uc18c\uc74c": "neg", "\uc18c\ud654": "neg", "\uc18d\ubcd1": "neg", "\uc190\uac00\ub77d": "neg", "\uc190\ubc1c": "neg", "\uc218\uaf34": "neg", "\uc218\ub450": "neg", "\uc218\ub9c9\uc5fc": "neg", "\uc218\ubd84": "neg", "\uc218\uc0c1": "neg", "\uc228\uacb0": "neg", "\uc228\uc26c\uae30": "neg", "\uc22b\uae30": "neg", "\ud1a0\ub77c": "neg", "\uc2a4\uc2a4\ub7ec\uc6c0": "neg", "\ud3ec\uae30": "neg", "\uc2a4\ud3ec": "neg", "\uc2ac\uadf8\uba38\ub2c8": "neg", "\uc2b5\uc131": "neg", "\uc2b5\uc9c4": "neg", "\uc2dc\uadfc": "neg", "\uc2dc\ubc1c": "neg", "\ube44\uc6a9": "neg", "\uc2dc\uc77c": "neg", "\uc2dc\uce58\ubbf8": "neg", "\uc2dd\ub7c9": "neg", "\uc2dd\uc695": "neg", "\uc2dd\uc911\ub3c5": "neg", "\uc2e0\uacbd\uc99d": "neg", "\uc2e0\ubb3c": "neg", "\uc2e0\ubd84": "neg", "\uc2e4\ub791\uc774": "neg", "\uc2e4\ud589": "neg", "\uc2ec\uc2e0": "neg", "\uc369\uc18c": "neg", "\uc544\ub974": "neg", "\uc5d0\uc774": "neg", "\uc218\ub85d": "neg", "\uc544\uc624\uc548": "neg", "\uc544\uc6c3": "neg", "\uc624\ube0c": "neg", "\uc548\uc911": "neg", "\uc545\ub2f9": "neg", "\ube44\uc720": "neg", "\uc545\uba85": "neg", "\uc545\ucde8": "neg", "\ud14c\ub7ec": "neg", "\uc548\uad81": "neg", "\uc548\ub2ec": "neg", "\ubcf5\ub2ec": "neg", "\uc548\ubb3c": "neg", "\uc548\uc0c9": "neg", "\ud759\ube5b": "neg", "\uc548\uc2b5": "neg", "\uc548\uc7a5": "neg", "\uc548\uc815\uac10": "neg", "\uc54c\ub9ac": "neg", "\uc555\ub825": "neg", "\uc55e\ub4a4": "neg", "\uace0\ub824": "neg", "\uc55e\uc7a1\uc774": "neg", "\ub178\ub987": "neg", "\uc560\uac00": "neg", "\uc560\uc625": "neg", "\ud544\ud328": "neg", "\uc584\ub9dd\uad82": "neg", "\uc58c\uce58": "neg", "\uc591\uae30": "neg", "\uc591\ubcf4": "neg", "\uc591\uc2ec": "neg", "\uc5b4\uadf8": "neg", "\ubd88\uad6c": "neg", "\uc5b4\uae30": "neg", "\ube59\ube59": "neg", "\uc0a5\uc0a5": "neg", "\uc5b4\uc0c9": "neg", "\uc5b4\uc124\ud53c": "neg", "\ubcf4\ub85d": "neg", "\uc5b4\uc774": "neg", "\uc5b4\uc9c0\ub7fc\uc99d": "neg", "\uc5b4\uc9d1\ub7fd": "neg", "\uc5b5\uc81c": "neg", "\uc5b5\uc9c0": "neg", "\uc5bc\uad74\ube5b": "neg", "\ub204\ub974\ub800\ub2e4": "neg", "\uc5bc\ub801\ub6b1\ub545": "neg", "\uc5c4\uc0b4": "neg", "\ub108\ub9ac": "neg", "\uc5ed\uacbd": "neg", "\uc5ed\uc804\ud328": "neg", "\uc5f0\uc904": "neg", "\uc131\ubcd1": "neg", "\uc601\uc545": "neg", "\uc2e4\uc870": "neg", "\uc601\uc591\uc2e4\uc870": "neg", "\uc601\uc601": "neg", "\uc606\uad6c\ub9ac": "neg", "\ucf15\uae30": "neg", "\uc704\uae30": "neg", "\uc624\uc2ac\uc624\uc2ac": "neg", "\uc624\uc2f9": "neg", "\uc624\ud06c": "neg", "\uc625\uc2e0\uac01\uc2e0": "neg", "\uc628\ubab8": "neg", "\ub178\uace4": "neg", "\uc628\ud1b5": "neg", "\ubca0\uac1c": "neg", "\uc7a0\uc790\ub9ac": "neg", "\uc678\uc124": "neg", "\uc694\ub7c9": "neg", "\uc694\ub9ac\uc870\ub9ac": "neg", "\uc695\uc2ec\uafb8\ub7ec\uae30": "neg", "\uc9c0\uae30": "neg", "\uc6a9\ub3c4": "neg", "\uc6b0\uc2a4": "neg", "\uc6b0\uce58": "neg", "\uc6b4\uce58": "neg", "\uc6b8\ubcf4": "neg", "\uc6d0\uc778": "neg", "\ubc30\ud558": "neg", "\uc704\ubc95": "neg", "\uc704\uc870": "neg", "\uc704\ucd95": "neg", "\uc704\ucd95\uac10": "neg", "\uc717\uc0ac\ub78c": "neg", "\uc720\uac10": "neg", "\uc721\uc911": "neg", "\uc73c\ub984\uc7a5": "neg", "\uc73c\uc2a4\uc2a4": "neg", "\uc2dc\uc2dc": "neg", "\uc740\uadfc": "neg", "\ub370\ub9ac": "neg", "\uc751\uc11d": "neg", "\uc751\uc5b4\ub9ac": "neg", "\uc758\ub3c4": "neg", "\uc758\uc0ac": "neg", "\uc758\uc544": "neg", "\uc758\uc874": "neg", "\uacf3\ub3c4": "neg", "\uc758\ud68c": "neg", "\uad81\ub9ac": "neg", "\uc774\ubb50\ubcd1": "neg", "\uc774\uc774": "neg", "\uc774\ud63c": "neg", "\uc775\uc219": "neg", "\uc77c\ub958": "neg", "\uc77c\ubc29": "neg", "\uc77c\ubd80\ub7ec": "neg", "\uc77c\ubd80": "neg", "\uc77c\uc9c4": "neg", "\uc77c\ucc0d": "neg", "\uc77c\uce58": "neg", "\uc784\uc2e0": "neg", "\uc548\uc774": "neg", "\uc785\ub9db": "neg", "\uc785\uc18d": "neg", "\uc090\ucb49": "neg", "\uc787\ubab8": "neg", "\uc789\uc5ec": "neg", "\uc790\uad81": "neg", "\ud0c8\ucd9c": "neg", "\uc911\uc2ec": "neg", "\ucc38\uacac": "neg", "\uc790\ub77c": "neg", "\uc790\uc1a1": "neg", "\uc790\uc1a1\ud558": "neg", "\uc790\uc720": "neg", "\uc790\uc81c\ub825": "neg", "\uc790\uc99d": "neg", "\uc790\uc9c0": "neg", "\uc790\ucc45": "neg", "\uc790\ud3ec\uc790\uae30": "neg", "\uc790\ud3ec": "neg", "\uc791\ubd95": "neg", "\uc794\uaf80": "neg", "\uc794\ub729": "neg", "\uc794\uc18c\ub9ac": "neg", "\uc798\ub418\uc9c0": "neg", "\uae30\uc785": "neg", "\uc800\uae09": "neg", "\uc800\uc808\ub85c": "neg", "\uc800\ud558": "neg", "\uc801\uc6a9": "neg", "\uc801\uc758": "neg", "\uc804\ubd80": "neg", "\uc804\uc5fc\ubcd1": "neg", "\uc804\ud600": "neg", "\uc808\ubc15": "neg", "\uc808\uc808": "neg", "\uc810\uc810": "neg", "\uc815\uae30": "neg", "\ub118\uce68": "neg", "\ubcd1\uacfc": "neg", "\ud750\ub9bf\ud558": "neg", "\uc815\ucc98": "neg", "\uc815\ud568": "neg", "\uc81c\uaca9": "neg", "\uc81c\uba4b\ub300\ub85c": "neg", "\uc870\uc2ec\uc131": "neg", "\uc870\uc5ec": "neg", "\uc874\ub9dd": "neg", "\uc874\uba78": "neg", "\uc874\uba78\ud558": "neg", "\ub69d\ub69d": "neg", "\uc880\ub3c4\ub451": "neg", "\uc885\uae30": "neg", "\uc885\uc54c": "neg", "\uc885\uc774": "neg", "\uc886\uc2ec": "neg", "\uc88c\ube68": "neg", "\uc88c\uc880": "neg", "\uc5b4\uce58": "neg", "\uc8fc\uacac": "neg", "\uc8fc\ub85c": "neg", "\uc8fc\ub984": "neg", "\ucb48\uae00\ucb48\uae00": "neg", "\uc8fc\uc0c9": "neg", "\uc8fc\uc791": "neg", "\uc8fc\uc800": "neg", "\ub2ec\ub791": "neg", "\uc8fc\ucda4": "neg", "\uc911\uac04": "neg", "\uc911\ub2e8": "neg", "\uadfc\ub300": "neg", "\uc9c0\ub2a5": "neg", "\uc9c0\ub8e8": "neg", "\uc2dc\ud569": "neg", "\uc9c0\ubabb\ubbf8": "neg", "\uc9c0\ubc29": "neg", "\uc9c4\ub4dd": "neg", "\uc9c4\ubb3c": "neg", "\uad34\uc5b4": "neg", "\uc9c4\uc9c0": "neg", "\uc9c4\uc9d1": "neg", "\uc9c8\uac81": "neg", "\uc9c8\uc2dd": "neg", "\uc9c8\uc9c8": "neg", "\uc9c8\ud22c": "neg", "\uc9d1\ub3c4": "neg", "\uc9d5\uc5bc\uc9d5\uc5bc": "neg", "\uc9d5\uc5bc\uc9d5": "neg", "\uc9d5\uc9d5": "neg", "\uc9dd\ub140": "neg", "\ucb48\uadf8\ub801": "neg", "\ucc0c\uaebc\uae30": "neg", "\ucc21\ucc21": "neg", "\ucc28\ub9c8": "neg", "\uc218\uac00": "neg", "\ucc38\uc744\uc131": "neg", "\ucc3d\ub82c": "neg", "\ucc3d\uc870\uc131": "neg", "\ucc45\uc784": "neg", "\ud68c\ud53c": "neg", "\ucc9c\ud558": "neg", "\uc544\uc774": "neg", "\ucca0\ucef9\ucca0\ucef9": "neg", "\ucd5c\uc808": "neg", "\ucd9c\ud608": "neg", "\ucda9\uacf5\uae7d": "neg", "\ucda9\uce58": "neg", "\uce58\ub9e4": "neg", "\uce58\ud1b5": "neg", "\uce68\uccb4": "neg", "\ucef9\uc2a4": "neg", "\ud0c8\uc601": "neg", "\ud0c8\uc9c4": "neg", "\ud0d0\uad00": "neg", "\uc624\ub9ac\uac00": "neg", "\ud0d5\uc9c4": "neg", "\ud0dc\uc5c5": "neg", "\ud141\ud141": "neg", "\ud1a0\ub07c": "neg", "\ud1a0\uc5ed": "neg", "\ud1b5\uc6d0": "neg", "\ud241\ud241": "neg", "\ud2b8\ub864": "neg", "\ud2f0\uaca9\ud0dc\uaca9\ud558": "neg", "\ud30c\uc624": "neg", "\ucff0\ucc99\ucff0\ucc99": "neg", "\ud310\ub2e8\ub825": "neg", "\ud314\ub2e4\ub9ac": "neg", "\ud314\ud314": "neg", "\ud328\ubc30": "neg", "\ud3b8\uc560": "neg", "\ud3ec\uc0b4": "neg", "\ud3ed\ud589": "neg", "\ud45c\ub9ac": "neg", "\ubd80\ub3d9": "neg", "\ud480\uae30": "neg", "\ud53c\uace4": "neg", "\ud53c\ub09c": "neg", "\ud53c\ub85c": "neg", "\ud53c\ud574": "neg", "\ud544\uc694": "neg", "\ud54f\uae30": "neg", "\ub9c8\ub294": "neg", "\ud558\ub4f1": "neg", "\ud55c\uacc4": "neg", "\ud55c\ub9c8\ub514": "neg", "\ud55c\uc99d": "neg", "\ud480\ub2e4": "neg", "\ud56d\uac70": "neg", "\ud56d\ubb38": "neg", "\ud56d\uc758": "neg", "\ud574\uace0": "neg", "\ud589\ubc29\ubd88\uba85": "neg", "\ud589\ubd88": "neg", "\ud589\uc0ac": "neg", "\ud5c8\uae30": "neg", "\ud5c8\ub465\uc9c0\ub465": "neg", "\ud5c8\ub984": "neg", "\ud5c8\ub9ac": "neg", "\ud5c8\ubb34": "neg", "\ud5c8\uc0ac": "neg", "\ud5c8\uc12d": "neg", "\ud5c8\uc138": "neg", "\ud5c8\ud48d": "neg", "\ubcbc\ub791": "neg", "\ud5db\uac08\ub9ac": "neg", "\ud5db\ubc30": "neg", "\ud5db\uc18c\ub9ac": "neg", "\ud5db\ud5db": "neg", "\ud5e4\uc5b4": "neg", "\ud604\uae30\uc99d": "neg", "\uc2dc\ucc3d": "neg", "\ud604\ud53c": "neg", "\ud608\uc555": "neg", "\ud610\uc9e4": "neg", "\ud638\uac31": "neg", "\ud640\ub85c": "neg", "\ud640\ub9b0": "neg", "\ud658\uac01": "neg", "\ucc98\uac00": "neg", "\ud669\uc18c": "neg", "\ud669\ucc9c": "neg", "\ud6a8\ub825": "neg", "\ud72d\ud558": "neg", "\ud749\ud130": "neg", "\ud750\ub290\uaef4": "neg", "\ud750\ub290\uc801\ud750\ub290\uc801": "neg", "\ud750\ub4e4\uac11": "neg", "\ud750\ub4e4\uac11\uc2a4\ub808": "neg", "\ud750\uc9c0\ubd80\uc9c0": "neg", "\ud750\ud2b8\ub7ec\uc838": "neg", "\ud751\uc778": "neg", "\ud758\ud758": "neg", "\ud760\uc880\ubb34": "neg", "\ud761\uc218": "neg", "\ud765\uae00\ud765\uae00": "neg", "\ud765\ub6b1\ud56d\ub6b1": "neg", "\ud765\uccad": "neg", "\ud765\uccad\ub9dd\uccad": "neg", "\ubc99\uccad": "neg", "\ud76c\ub5b1": "neg", "\uc73c\uc2a4\ub300": "neg", "\ud76c\ub871": "neg", "\ud76c\ub8fd\uac70\ub9ac": "neg", "\ud76c\ub8fd\ub300": "neg", "\ud76c\ub8fd\ud574\ub871": "neg", "\ud76c\ub8fd\ud76c\ub8fd": "neg", "\ud76c\ub8fd\ud76c\ub8fd\ud558": "neg", "\ud76c\ub8fd\ud788\ub8fd": "neg", "\ud781\ud558": "neg", "\ub730\uba38\ub730": "neg", "\ub730\uba38": "neg", "\ud788\uc2a4\ud14c\ub9ac": "neg", "\ube44\uc8fd": "neg", "\ud790\ub09c": "neg", "\ud798\uc090\uce58": "neg", "\uc704\ub825": "neg", "\uc2a4\uc0b0\ud558": "neg", "\uae4c\ubb34\ub7ec\uce58": "neg", "\ub9cc\ub9cc": "neg", "\uc544\ubfd4\uc2f8": "neg", "\uc6c0\ucc14": "neg", "\uc790\uc2dd": "neg", "\uc9d1\ub144": "neg", "\ubc84\ub7ed": "neg", "\ubd88\uc720\ucf8c": "neg", "\ubfb0\ub8e8\ud241\ud558": "neg", "\uc2ec\ud1b5": "neg", "\uace0\ub3c5": "neg", "\uc4f4\uc6c3\uc74c": "neg", "\uccad\uc2b9": "neg", "\uccad\uc2b9\uad82\ub2e4": "neg", "\uc2e0\ud1b5": "neg", "\ucf67\uc6c3\uc74c\uce58": "neg"}